"name","count","publisher","country","total"
"43587ad0-bafb-11d9-8e53-b8a03c50a862",975,"University of Graz","AT",2396
"ada9d123-ddb4-467d-8891-806ea8d94230",286,"European Nucleotide Archive (EMBL-EBI)","GB",2396
"a3c228d0-3110-11db-abb8-b8a03c50a862",153,"Bioversity International","ZZ",2396
"9a4467a2-eccd-4aa7-bb6d-aea3a31f2a2c",127,"Masaryk University, Department of Botany and Zoology","CZ",2396
"3b331240-abea-11d9-a96c-b8a03c50a862",124,"Prirodoslovni muzej Slovenije","SI",2396
"5480dea7-2a71-409b-a832-cbc5f1b5a2e6",120,"Adam Mickiewicz University in Poznań","PL",2396
"088741fa-d695-4cec-ae3b-9c6dc4539ca1",91,"Department of Biology and Ecology, Faculty of Sciences, University of Novi Sad, Serbia","RS",2396
"c76cf030-2a95-11da-9cc1-b8a03c50a862",57,"Senckenberg","DE",2396
"605e7170-1123-11d9-8433-b8a03c50a862",42,"United Herbaria of the University and ETH Zurich (Z+ZT)","CH",2396
"e8f79b81-11bb-4881-9f42-1b46bd4cfbc6",39,"Consiglio Nazionale delle Ricerche - Istituto di Ricerca sulle Acque","IT",2396
"17e8fde5-9144-49c8-a893-87138e95b0b7",36,"National Museum in Prague","CZ",2396
"58520c30-bafb-11d9-8e53-b8a03c50a862",36,"University of Vienna - Herbarium WU","AT",2396
"c0758a16-296b-4ec3-97fd-8a057d9060f3",28,"Lund University Biological Museum","SE",2396
"21936918-2ce6-4314-a15e-91f9f6735361",26,"Departamento de Biodiversidad, Ecología y Evolución, Unidad Docente de Botánica. Fac. de Ciencias Biológicas, Univ. Complutense de Madrid","ES",2396
"75ed8583-8bd8-4f82-9346-75b234fe4682",24,"Charles University - Herbarium collections & Department of Botany","CZ",2396
"2d6e0e40-2aee-11d8-aa2d-b8a03c50a862",23,"Biologiezentrum Linz Oberoesterreich","AT",2396
"9661d20d-86b6-4485-8948-f3c86b022fa7",21,"Swiss Natural History Collections - SwissNatColl","CH",2396
"3ead5cf3-2840-482e-bbd9-76380825be63",19,"Natural History Museum Rotterdam","NL",2396
"0674aea0-a7e1-11d8-9534-b8a03c50a862",11,"Staatliche Naturwissenschaftliche Sammlungen Bayerns","DE",2396
"5ffa575c-fcd4-4583-9611-545f67b04316",11,"Museum of Biological Diversity, The Ohio State University","US",2396
"8209258a-80e8-4094-aba2-a3febe5ed45b",11,"Botanical Garden, University of Valencia","ES",2396
"2cd829bb-b713-433d-99cf-64bef11e5b3e",10,"MNHN - Museum national d'Histoire naturelle","FR",2396
"4e11d750-bafb-11d9-8e53-b8a03c50a862",10,"Natural History Museum, Vienna","AT",2396
"6e1cad80-bdf5-11d8-84ea-b8a03c50a862",8,"Leibniz Institute for the Analysis of Biodiversity Change (LIB)","DE",2396
"57254bd0-8256-11d8-b7ed-b8a03c50a862",7,"Botanic Garden and Botanical Museum Berlin","DE",2396
"78678140-1815-11da-9544-b8a03c50a862",7,"Santa Barbara Museum of Natural History","US",2396
"927f1e70-cf74-11d8-bf68-b8a03c50a862",7,"University of Minnesota Bell Museum","US",2396
"061b4f20-f241-11da-a328-b8a03c50a862",6,"Royal Botanic Gardens, Kew","GB",2396
"b4640710-8e03-11d8-b956-b8a03c50a862",6,"Museum of Comparative Zoology, Harvard University","US",2396
"021121c0-f040-11d8-b22f-b8a03c50a862",5,"SysTax","DE",2396
"2089ce96-4fb5-4a20-999c-3ccf45a27a4d",5,"Flanders Marine Institute","BE",2396
"75642970-f855-11dd-8235-b8a03c50a862",5,"National Museum of Natural History, Luxembourg","LU",2396
"0363cbd4-f666-455e-8e86-0bbddcf51950",4,"Real Jardín Botánico (CSIC)","ES",2396
"32ceedc0-bafb-11d9-8e53-b8a03c50a862",4,"Steiermärkisches Landesmuseum Joanneum - Herbarium GJO","AT",2396
"e147be40-75eb-11d9-b257-b8a03c50a862",4,"Museum and Institute of Zoology, Polish Academy of Sciences (MIIZ PAN)","PL",2396
"e5585950-488e-11db-a1c2-b8a03c50a862",4,"Finnish Museum of Natural History -  Botany and Mycology Unit","FI",2396
"19456090-b49a-11d8-abeb-b8a03c50a862",3,"Natural History Museum","GB",2396
"215fad6d-884d-4127-9635-fad209824cdf",3,"Royal Botanic Gardens Victoria","AU",2396
"2e7df380-8356-4533-bcb3-5459e23c794e",3,"Natural History Museum of Denmark","DK",2396
"39adeab9-6ec9-4c56-801e-7144d0eb630c",3,"Finnish Museum of Natural History - Zoology Unit","FI",2396
"98e934b0-5f31-11de-b67e-b8a03c50a862",3,"Royal Botanic Garden Edinburgh","GB",2396
"e27f5129-68bb-48eb-81b5-2e9f50c71817",3,"Botanischer Garten, TU Dresden","DE",2396
"03cb9700-6cee-11d8-922d-b8a03c50a862",2,"University of Alberta Museums","CA",2396
"4668d6a0-130d-11db-a7d3-b8a03c50a862",2,"University of Silesia in Katowice","PL",2396
"66522820-055c-11d8-b84e-b8a03c50a862",2,"California Academy of Sciences","US",2396
"8f9a6e03-a0ee-4a60-a08f-32463f36adeb",2,"Musée des Confluences","FR",2396
"a344ee9f-f1b7-4761-be2c-58ee6d741395",2,"Meise Botanic Garden","BE",2396
"e88c96a3-5884-4e51-a580-e417ca4c9eed",2,"Royal Belgian Institute of Natural Sciences","BE",2396
"f5fc4e61-b7a0-414b-ab68-b41cb23e7fdc",2,"Lomonosov Moscow State University","RU",2396
"065e3c2a-35f3-44f6-9ae0-ee5d1f19eec5",1,"Umeå University","SE",2396
"32859580-c30c-4367-8a8a-71f00fc9f833",1,"Estonian University of Life Sciences","EE",2396
"396d5f30-dea9-11db-8ab4-b8a03c50a862",1,"Naturalis Biodiversity Center","NL",2396
"39fd7088-af63-4ad5-8d30-479a720a368b",1,"Royal Saskatchewan Museum","CA",2396
"4c22b91d-aea3-46ba-8b43-3151fb0776fb",1,"Palacký University in Olomouc, herbarium of Department of Botany (OL)","CZ",2396
"61c539d8-47e0-4b82-875f-b95aad66dcd4",1,"University of Tennessee Herbarium","US",2396
"750a8724-fa66-4c27-b645-bd58ac5ee010",1,"Biodiversity Data Journal","BG",2396
"9630292c-c8ef-4efa-adda-399638be3b19",1,"Brigham Young University, Arthropod Collection","US",2396
"b542788f-0dc2-4a2b-b652-fceced449591",1,"University of British Columbia","CA",2396
"bb922300-7ddb-11de-a300-90ac77aa923f",1,"ZooKeys","BG",2396
"cc17c672-0c7d-492f-9252-c7ddacd1df78",1,"Paleontological Research Institution","US",2396
"e3f07310-a215-11da-beae-b8a03c50a862",1,"University of Gdańsk","PL",2396
