slide,minutes,key_message,visual,visual_upgrade
1,0.5,"Part 1 showed what the Czech system holds; Part 2 shows how a record travels, how quality is earned, and which standards carry it.","The AOPK title slide. The bridge from Part 1 is spoken over it.","none"
2,1.5,"Five layers, one direction of travel: a reference layer every record points to, then staging, validation, core and publication. Layers mean you can always go back to the raw data.","A layer stack drawn in HTML on the slide: the reference layer as a dashed grey column on the left, notched towards a four-step dark-green stack with arrows between steps; publication in light green.","none needed"
3,1.5,"All three sources take the same path; they differ only in how much checking a record needs. The dashed feedback arrow from use back to validation is the most important line on the slide.","The Mermaid data-flow diagram in data-flow.mmd: sources A, B, C into staging, validation, core; three outputs; reference layer dashed into validation; dashed feedback from reporting to validation.","none needed"
4,1.5,"Quality starts in the form, is confirmed by a coordinator, and monitoring must be stored as events – only an event can hold an absence and the effort behind it.","An event tree drawn in HTML: one visit (site, date, method, effort) with two occurrences, one of them an absence, and two measurements, each line tagged with its Darwin Core class. Values are illustrative.","Optional: the Czech Survey123 data-flow slide from taiex_kosovo_monitoring.pptx (slide 12), if the room wants to see the real tool – but Part 1 already showed Survey123 screens."
5,1.5,"Trust is given once, to an accredited person, per species group. Automatic checks sort records; flagged records go to a review queue, never to the bin.","The NDOP validation scale as a table (0 not yet validated; 1, 3, 6, 9 proposals), with a caption on the guarantor step and the compulsory check for protected species, species of Community interest and Annex I birds. Source: the NDOP validation slides in Documents/PREZENTACE.","Optional: a cropped screenshot of the validation fields in the NDOP record editor."
6,1.5,"Citizen science is imported on demand, filtered, validated by an expert before official use, and always recognisable by its source fields. Deduplicate across platforms.","A Darwin Core table of what stays on a citizen-science record after import: datasetName, basisOfRecord, identificationVerificationStatus, license, associatedMedia, occurrenceID. Values are illustrative.","Optional: an iNaturalist observation page beside the table, showing the research-grade badge and licence."
7,2,"Data that nobody uses do not get corrected. Build the way back in (flag, review, tell the observer, version every change) and plan for the uses that find the errors.","Two equal columns – mechanisms and uses – over a loop strip: Use → Flag → Review → Tell the observer → Correct, with a trace ↺.","Optional: an ndopred map of one species' extent of occurrence with a single outlying point, to show how one wrong record inflates a Red List range."
8,2,"Build in Darwin Core from day one, or keep a documented crosswalk for every field. Event core plus extensions carries monitoring; uncertainty and persistent IDs are non-negotiable.","A six-row crosswalk from a typical survey spreadsheet to Darwin Core terms. The full crosswalk is on the handout.","none needed"
9,1.5,"Six habits decide whether a database lasts: a named steward and validators, data (not reports) as the deliverable, raw data kept, a sensitive-species policy, clear licensing, and starting small.","Six numbered cards in a three-by-two grid. Card 1 carries a placeholder for the local data steward.","none needed"
10,1,"Four messages to remember, and three questions that open the discussion.","Four numbered takeaways, a discussion box with three orange placeholders to be filled from the room, and the TAIEX status designation footnote.","none needed"
