"Value","EUNIS","EUNIS_L2","EUNIS_L1","Label","type"
9,"X1","Estuaries","A - Marine habitats","X1 - Estuaries","marine"
10,"X2_3","Coastal lagoons","A - Marine habitats","X2_3 - Coastal lagoons","marine"
11,"B1","Coastal dunes and sandy shores","B - Coastal habitats","B1 - Coastal dunes and sandy shores","terrestrial"
12,"B2","Coastal shingle","B - Coastal habitats","B2 - Coastal shingle","terrestrial"
13,"B3","Rock cliffs, ledges and shores, including the supralittoral","B - Coastal habitats","B3 - Rock cliffs, ledges and shores, including the supralittoral","terrestrial"
14,"C1","Surface standing waters","C - Inland surface waters","C1 - Surface standing waters","terrestrial"
15,"C2","Surface running waters","C - Inland surface waters","C2 - Surface running waters","terrestrial"
16,"C3","Littoral zone of inland surface waterbodies","C - Inland surface waters","C3 - Littoral zone of inland surface waterbodies","terrestrial"
17,"D1","Raised and blanket bogs","D - Mires, bogs and fens","D1 - Raised and blanket bogs","terrestrial"
18,"D2","Valley mires, poor fens and transition mires","D - Mires, bogs and fens","D2 - Valley mires, poor fens and transition mires","terrestrial"
19,"D3","Aapa, palsa and polygon mires","D - Mires, bogs and fens","D3 - Aapa, palsa and polygon mires","terrestrial"
20,"D4","Base-rich fens and calcareous spring mires","D - Mires, bogs and fens","D4 - Base-rich fens and calcareous spring mires","terrestrial"
21,"D5","Sedge and reedbeds, normally without free-standing water","D - Mires, bogs and fens","D5 - Sedge and reedbeds, normally without free-standing water","terrestrial"
22,"D6","Inland saline and brackish marshes and reedbeds","D - Mires, bogs and fens","D6 - Inland saline and brackish marshes and reedbeds","terrestrial"
23,"E1","Dry grasslands","E - Grasslands and land dominated by forbs, mosses or lichens","E1 - Dry grasslands","terrestrial"
24,"E2","Mesic grasslands","E - Grasslands and land dominated by forbs, mosses or lichens","E2 - Mesic grasslands","terrestrial"
25,"E3","Seasonally wet and wet grasslands","E - Grasslands and land dominated by forbs, mosses or lichens","E3 - Seasonally wet and wet grasslands","terrestrial"
26,"E4","Alpine and subalpine grasslands","E - Grasslands and land dominated by forbs, mosses or lichens","E4 - Alpine and subalpine grasslands","terrestrial"
28,"E6","Inland salt steppes","E - Grasslands and land dominated by forbs, mosses or lichens","E6 - Inland salt steppes","terrestrial"
29,"E7","Sparsely wooded grasslands","E - Grasslands and land dominated by forbs, mosses or lichens","E7 - Sparsely wooded grasslands","terrestrial"
30,"F1","Tundra","F - Heathland, scrub and tundra","F1 - Tundra","terrestrial"
31,"F2","Arctic, alpine and subalpine scrub","F - Heathland, scrub and tundra","F2 - Arctic, alpine and subalpine scrub","terrestrial"
32,"F3","Temperate and mediterranean-montane scrub","F - Heathland, scrub and tundra","F3 - Temperate and mediterranean-montane scrub","terrestrial"
33,"F4","Temperate shrub heathland","F - Heathland, scrub and tundra","F4 - Temperate shrub heathland","terrestrial"
34,"F5","Maquis, arborescent matorral and thermo-Mediterranean brushes","F - Heathland, scrub and tundra","F5 - Maquis, arborescent matorral and thermo-Mediterranean brushes","terrestrial"
35,"F6","Garrigue","F - Heathland, scrub and tundra","F6 - Garrigue","terrestrial"
36,"F7","Spiny Mediterranean heaths (phrygana, hedgehog-heaths and related coastal cliff vegetation)","F - Heathland, scrub and tundra","F7 - Spiny Mediterranean heaths (phrygana, hedgehog-heaths and related coastal cliff vegetation)","terrestrial"
37,"F8","Thermo-Atlantic xerophytic scrub","F - Heathland, scrub and tundra","F8 - Thermo-Atlantic xerophytic scrub","terrestrial"
38,"F9","Riverine and fen scrubs","F - Heathland, scrub and tundra","F9 - Riverine and fen scrubs","terrestrial"
40,"FB","Shrub plantations","F - Heathland, scrub and tundra","FB - Shrub plantations","terrestrial"
41,"G1","Broadleaved deciduous woodland","G - Woodland, forest and other wooded land","G1 - Broadleaved deciduous woodland","terrestrial"
42,"G2","Broadleaved evergreen woodland","G - Woodland, forest and other wooded land","G2 - Broadleaved evergreen woodland","terrestrial"
43,"G3","Coniferous woodland","G - Woodland, forest and other wooded land","G3 - Coniferous woodland","terrestrial"
44,"G4","Mixed deciduous and coniferous woodland","G - Woodland, forest and other wooded land","G4 - Mixed deciduous and coniferous woodland","terrestrial"
45,"G5","Lines of trees, small anthropogenic woodlands, recently felled woodland, early-stage woodland and coppice","G - Woodland, forest and other wooded land","G5 - Lines of trees, small anthropogenic woodlands, recently felled woodland, early-stage woodland and coppice","terrestrial"
47,"H2","Screes","H - Inland unvegetated or sparsely vegetated habitats","H2 - Screes","terrestrial"
48,"H3","Inland cliffs, rock pavements and outcrops","H - Inland unvegetated or sparsely vegetated habitats","H3 - Inland cliffs, rock pavements and outcrops","terrestrial"
49,"H4","Snow or ice-dominated habitats","H - Inland unvegetated or sparsely vegetated habitats","H4 - Snow or ice-dominated habitats","terrestrial"
50,"H5","Miscellaneous inland habitats with very sparse or no vegetation","H - Inland unvegetated or sparsely vegetated habitats","H5 - Miscellaneous inland habitats with very sparse or no vegetation","terrestrial"
52,"I1","Arable land and market gardens","I - Arable land and market gardens","I1 - Arable land and market gardens","terrestrial"
53,"I2","Cultivated areas of gardens and parks","I - Arable land and market gardens","I2 - Cultivated areas of gardens and parks","terrestrial"
54,"J1","Buildings of cities, towns and villages","J - constructed, industrial and other artificial habitats","J1 - Buildings of cities, towns and villages","terrestrial"
55,"J2","Low density buildings","J - constructed, industrial and other artificial habitats","J2 - Low density buildings","terrestrial"
56,"J3","Extractive industrial sites","J - constructed, industrial and other artificial habitats","J3 - Extractive industrial sites","terrestrial"
57,"J4","Transport networks and other constructed hard-surfaced areas","J - constructed, industrial and other artificial habitats","J4 - Transport networks and other constructed hard-surfaced areas","terrestrial"
58,"J5","Highly artificial man-made waters and associated structures","J - constructed, industrial and other artificial habitats","J5 - Highly artificial man-made waters and associated structures","terrestrial"
59,"J6","Waste deposits","J - constructed, industrial and other artificial habitats","J6 - Waste deposits","terrestrial"
100,"A100","Littoral undetermined substrate with no sea ice presence","A - Marine habitats","A100 - Littoral undetermined substrate with no sea ice presence","marine"
101,"A101","Littoral rock and biogenic with no sea ice presence","A - Marine habitats","A101 - Littoral rock and biogenic with no sea ice presence","marine"
103,"A103","Littoral coarse sediment with no sea ice presence","A - Marine habitats","A103 - Littoral coarse sediment with no sea ice presence","marine"
104,"A104","Littoral mixed sediment with no sea ice presence","A - Marine habitats","A104 - Littoral mixed sediment with no sea ice presence","marine"
105,"A105","Littoral sand with no sea ice presence","A - Marine habitats","A105 - Littoral sand with no sea ice presence","marine"
106,"A106","Littoral mud with no sea ice presence","A - Marine habitats","A106 - Littoral mud with no sea ice presence","marine"
110,"A110","Littoral undetermined substrate with seasonal sea ice presence","A - Marine habitats","A110 - Littoral undetermined substrate with seasonal sea ice presence","marine"
111,"A111","Littoral rock and biogenic with seasonal sea ice presence","A - Marine habitats","A111 - Littoral rock and biogenic with seasonal sea ice presence","marine"
113,"A113","Littoral coarse sediment with seasonal sea ice presence","A - Marine habitats","A113 - Littoral coarse sediment with seasonal sea ice presence","marine"
114,"A114","Littoral mixed sediment with seasonal sea ice presence","A - Marine habitats","A114 - Littoral mixed sediment with seasonal sea ice presence","marine"
115,"A115","Littoral sand with seasonal sea ice presence","A - Marine habitats","A115 - Littoral sand with seasonal sea ice presence","marine"
116,"A116","Littoral mud with seasonal sea ice presence","A - Marine habitats","A116 - Littoral mud with seasonal sea ice presence","marine"
120,"A120","Littoral undetermined substrate with perrennial sea ice","A - Marine habitats","A120 - Littoral undetermined substrate with perrennial sea ice","marine"
200,"A200","Infralittoral undetermined substrate with no sea ice presence","A - Marine habitats","A200 - Infralittoral undetermined substrate with no sea ice presence","marine"
201,"A201","Infralittoral rock and biogenic with no sea ice presence","A - Marine habitats","A201 - Infralittoral rock and biogenic with no sea ice presence","marine"
203,"A203","Infralittoral coarse sediment with no sea ice presence","A - Marine habitats","A203 - Infralittoral coarse sediment with no sea ice presence","marine"
204,"A204","Infralittoral mixed sediment with no sea ice presence","A - Marine habitats","A204 - Infralittoral mixed sediment with no sea ice presence","marine"
205,"A205","Infralittoral sand with no sea ice presence","A - Marine habitats","A205 - Infralittoral sand with no sea ice presence","marine"
206,"A206","Infralittoral mud with no sea ice presence","A - Marine habitats","A206 - Infralittoral mud with no sea ice presence","marine"
210,"A210","Infralittoral undetermined substrate with seasonal sea ice presence","A - Marine habitats","A210 - Infralittoral undetermined substrate with seasonal sea ice presence","marine"
211,"A211","Infralittoral rock and biogenic with seasonal sea ice presence","A - Marine habitats","A211 - Infralittoral rock and biogenic with seasonal sea ice presence","marine"
213,"A213","Infralittoral coarse sediment with seasonal sea ice presence","A - Marine habitats","A213 - Infralittoral coarse sediment with seasonal sea ice presence","marine"
214,"A214","Infralittoral mixed sediment with seasonal sea ice presence","A - Marine habitats","A214 - Infralittoral mixed sediment with seasonal sea ice presence","marine"
215,"A215","Infralittoral sand with seasonal sea ice presence","A - Marine habitats","A215 - Infralittoral sand with seasonal sea ice presence","marine"
216,"A216","Infralittoral mud with seasonal sea ice presence","A - Marine habitats","A216 - Infralittoral mud with seasonal sea ice presence","marine"
220,"A220","Infralittoral undetermined substrate with perrennial sea ice","A - Marine habitats","A220 - Infralittoral undetermined substrate with perrennial sea ice","marine"
300,"A300","Circalittoral undetermined substrate with no sea ice presence","A - Marine habitats","A300 - Circalittoral undetermined substrate with no sea ice presence","marine"
301,"A301","Circalittoral rock and biogenic with no sea ice presence","A - Marine habitats","A301 - Circalittoral rock and biogenic with no sea ice presence","marine"
303,"A303","Circalittoral coarse sediment with no sea ice presence","A - Marine habitats","A303 - Circalittoral coarse sediment with no sea ice presence","marine"
304,"A304","Circalittoral mixed sediment with no sea ice presence","A - Marine habitats","A304 - Circalittoral mixed sediment with no sea ice presence","marine"
305,"A305","Circalittoral sand with no sea ice presence","A - Marine habitats","A305 - Circalittoral sand with no sea ice presence","marine"
306,"A306","Circalittoral mud with no sea ice presence","A - Marine habitats","A306 - Circalittoral mud with no sea ice presence","marine"
310,"A310","Circalittoral undetermined substrate with seasonal sea ice presence","A - Marine habitats","A310 - Circalittoral undetermined substrate with seasonal sea ice presence","marine"
311,"A311","Circalittoral rock and biogenic with seasonal sea ice presence","A - Marine habitats","A311 - Circalittoral rock and biogenic with seasonal sea ice presence","marine"
313,"A313","Circalittoral coarse sediment with seasonal sea ice presence","A - Marine habitats","A313 - Circalittoral coarse sediment with seasonal sea ice presence","marine"
314,"A314","Circalittoral mixed sediment with seasonal sea ice presence","A - Marine habitats","A314 - Circalittoral mixed sediment with seasonal sea ice presence","marine"
315,"A315","Circalittoral sand with seasonal sea ice presence","A - Marine habitats","A315 - Circalittoral sand with seasonal sea ice presence","marine"
316,"A316","Circalittoral mud with seasonal sea ice presence","A - Marine habitats","A316 - Circalittoral mud with seasonal sea ice presence","marine"
320,"A320","Circalittoral undetermined substrate with perrennial sea ice","A - Marine habitats","A320 - Circalittoral undetermined substrate with perrennial sea ice","marine"
326,"A326","Circalittoral mud with perrennial sea ice","A - Marine habitats","A326 - Circalittoral mud with perrennial sea ice","marine"
400,"A400","Offshore circalittoral undetermined substrate with no sea ice presence","A - Marine habitats","A400 - Offshore circalittoral undetermined substrate with no sea ice presence","marine"
401,"A401","Offshore circalittoral rock and biogenic with no sea ice presence","A - Marine habitats","A401 - Offshore circalittoral rock and biogenic with no sea ice presence","marine"
403,"A403","Offshore circalittoral coarse sediment with no sea ice presence","A - Marine habitats","A403 - Offshore circalittoral coarse sediment with no sea ice presence","marine"
404,"A404","Offshore circalittoral mixed sediment with no sea ice presence","A - Marine habitats","A404 - Offshore circalittoral mixed sediment with no sea ice presence","marine"
405,"A405","Offshore circalittoral sand with no sea ice presence","A - Marine habitats","A405 - Offshore circalittoral sand with no sea ice presence","marine"
406,"A406","Offshore circalittoral mud with no sea ice presence","A - Marine habitats","A406 - Offshore circalittoral mud with no sea ice presence","marine"
410,"A410","Offshore circalittoral undetermined substrate with seasonal sea ice presence","A - Marine habitats","A410 - Offshore circalittoral undetermined substrate with seasonal sea ice presence","marine"
411,"A411","Offshore circalittoral rock and biogenic with seasonal sea ice presence","A - Marine habitats","A411 - Offshore circalittoral rock and biogenic with seasonal sea ice presence","marine"
413,"A413","Offshore circalittoral coarse sediment with seasonal sea ice presence","A - Marine habitats","A413 - Offshore circalittoral coarse sediment with seasonal sea ice presence","marine"
414,"A414","Offshore circalittoral mixed sediment with seasonal sea ice presence","A - Marine habitats","A414 - Offshore circalittoral mixed sediment with seasonal sea ice presence","marine"
415,"A415","Offshore circalittoral sand with seasonal sea ice presence","A - Marine habitats","A415 - Offshore circalittoral sand with seasonal sea ice presence","marine"
416,"A416","Offshore circalittoral mud with seasonal sea ice presence","A - Marine habitats","A416 - Offshore circalittoral mud with seasonal sea ice presence","marine"
420,"A420","Offshore circalittoral undetermined substrate with perrennial sea ice","A - Marine habitats","A420 - Offshore circalittoral undetermined substrate with perrennial sea ice","marine"
426,"A426","Offshore circalittoral mud with perrennial sea ice","A - Marine habitats","A426 - Offshore circalittoral mud with perrennial sea ice","marine"
500,"A500","Upper bathyal undetermined substrate with no sea ice presence","A - Marine habitats","A500 - Upper bathyal undetermined substrate with no sea ice presence","marine"
501,"A501","Upper bathyal rock and biogenic with no sea ice presence","A - Marine habitats","A501 - Upper bathyal rock and biogenic with no sea ice presence","marine"
503,"A503","Upper bathyal coarse sediment with no sea ice presence","A - Marine habitats","A503 - Upper bathyal coarse sediment with no sea ice presence","marine"
504,"A504","Upper bathyal mixed sediment with no sea ice presence","A - Marine habitats","A504 - Upper bathyal mixed sediment with no sea ice presence","marine"
505,"A505","Upper bathyal sand with no sea ice presence","A - Marine habitats","A505 - Upper bathyal sand with no sea ice presence","marine"
506,"A506","Upper bathyal mud with no sea ice presence","A - Marine habitats","A506 - Upper bathyal mud with no sea ice presence","marine"
510,"A510","Upper bathyal undetermined substrate with seasonal sea ice presence","A - Marine habitats","A510 - Upper bathyal undetermined substrate with seasonal sea ice presence","marine"
511,"A511","Upper bathyal rock and biogenic with seasonal sea ice presence","A - Marine habitats","A511 - Upper bathyal rock and biogenic with seasonal sea ice presence","marine"
513,"A513","Upper bathyal coarse sediment with seasonal sea ice presence","A - Marine habitats","A513 - Upper bathyal coarse sediment with seasonal sea ice presence","marine"
514,"A514","Upper bathyal mixed sediment with seasonal sea ice presence","A - Marine habitats","A514 - Upper bathyal mixed sediment with seasonal sea ice presence","marine"
515,"A515","Upper bathyal sand with seasonal sea ice presence","A - Marine habitats","A515 - Upper bathyal sand with seasonal sea ice presence","marine"
516,"A516","Upper bathyal mud with seasonal sea ice presence","A - Marine habitats","A516 - Upper bathyal mud with seasonal sea ice presence","marine"
520,"A520","Upper bathyal undetermined substrate with perrennial sea ice","A - Marine habitats","A520 - Upper bathyal undetermined substrate with perrennial sea ice","marine"
526,"A526","Upper bathyal mud with perrennial sea ice","A - Marine habitats","A526 - Upper bathyal mud with perrennial sea ice","marine"
600,"A600","Lower bathyal undetermined substrate with no sea ice presence","A - Marine habitats","A600 - Lower bathyal undetermined substrate with no sea ice presence","marine"
601,"A601","Lower bathyal rock and biogenic with no sea ice presence","A - Marine habitats","A601 - Lower bathyal rock and biogenic with no sea ice presence","marine"
603,"A603","Lower bathyal coarse sediment with no sea ice presence","A - Marine habitats","A603 - Lower bathyal coarse sediment with no sea ice presence","marine"
604,"A604","Lower bathyal mixed sediment with no sea ice presence","A - Marine habitats","A604 - Lower bathyal mixed sediment with no sea ice presence","marine"
605,"A605","Lower bathyal sand with no sea ice presence","A - Marine habitats","A605 - Lower bathyal sand with no sea ice presence","marine"
606,"A606","Lower bathyal mud with no sea ice presence","A - Marine habitats","A606 - Lower bathyal mud with no sea ice presence","marine"
610,"A610","Lower bathyal undetermined substrate with seasonal sea ice presence","A - Marine habitats","A610 - Lower bathyal undetermined substrate with seasonal sea ice presence","marine"
614,"A614","Lower bathyal mixed sediment with seasonal sea ice presence","A - Marine habitats","A614 - Lower bathyal mixed sediment with seasonal sea ice presence","marine"
616,"A616","Lower bathyal mud with seasonal sea ice presence","A - Marine habitats","A616 - Lower bathyal mud with seasonal sea ice presence","marine"
620,"A620","Lower bathyal undetermined substrate with perrennial sea ice","A - Marine habitats","A620 - Lower bathyal undetermined substrate with perrennial sea ice","marine"
700,"A700","Abyssal undetermined substrate with no sea ice presence","A - Marine habitats","A700 - Abyssal undetermined substrate with no sea ice presence","marine"
701,"A701","Abyssal rock and biogenic with no sea ice presence","A - Marine habitats","A701 - Abyssal rock and biogenic with no sea ice presence","marine"
704,"A704","Abyssal mixed sediment with no sea ice presence","A - Marine habitats","A704 - Abyssal mixed sediment with no sea ice presence","marine"
705,"A705","Abyssal sand with no sea ice presence","A - Marine habitats","A705 - Abyssal sand with no sea ice presence","marine"
706,"A706","Abyssal mud with no sea ice presence","A - Marine habitats","A706 - Abyssal mud with no sea ice presence","marine"
710,"A710","Abyssal undetermined substrate with seasonal sea ice presence","A - Marine habitats","A710 - Abyssal undetermined substrate with seasonal sea ice presence","marine"
720,"A720","Abyssal undetermined substrate with perrennial sea ice","A - Marine habitats","A720 - Abyssal undetermined substrate with perrennial sea ice","marine"
