"slug","title","category","custodian","url","doi","licence","access","format","access_method","spatial_resolution","temporal_coverage","latest_version","kosovo_coverage","kosovo_codes_seen","tier","n2k_question","effort","sensitivity","status","last_checked","notes"
"ebba2","European Breeding Bird Atlas 2","1","European Bird Census Council (EBCC)","https://www.ebcc.info/what-we-do/ebba2/","","","on request","","","50 km (observed); 10 km (modelled probability of occurrence)","fieldwork mostly 2013–2017","Book 2020 (EBCC & Lynx Edicions); online version 2021","","","national","Breeding likelihood and abundance of each species in Kosovo's 50 km squares, as a check on what GBIF misses","","","Awaiting request","2026-09-29","Data through the EBBA2 request form. The first EBCC atlas (1997) is already on GBIF and in this project's download."
"emma2","Atlas of European Mammals, second edition","1","EMMA2 project, european-mammals.org","https://european-mammals.org/","","","","","","","","Book due 6 October 2026 (CRC Press); database of 142,965 records of 245 species as of June 2024","","","","Mammal presence on the European atlas grid, as a check on Annex II and IV mammals in the GBIF extract","","","Documented only","2026-09-29","Atlas not yet published on the date checked; no EMMA2 dataset found on GBIF."
"red-book-fauna","Red Book of Fauna of the Republic of Kosovo","1","Ministry of Environment and Spatial Planning; Kosovo Environmental Protection Agency; Kosovo Institute for Nature Protection","https://www.ammk-rks.net/assets/cms/uploads/files/Publikime-raporte/Libri_i_kuq.pdf","","All rights reserved: no reproduction without the Ministry's permission","open","PDF, 203 pages, Albanian","PDF","Named localities and printed species maps; no data release","","2018 (PDF dated July 2019)","yes","not applicable (national publication)","national","Which animals are nationally threatened, as a Kosovo priority list to set beside Annex II and IV","medium","Locates threatened species by named locality; treat as sensitive","Documented only","2026-09-29","Found at ammk-rks.net under an expired TLS certificate; not redistributed."
"kosovo-data-papers","Occurrence data papers from Kosovo (Biodiversity Data Journal)","1","Pensoft Publishers (Biodiversity Data Journal) and the papers' authors","https://bdj.pensoft.net/","not applicable (one DOI per paper)","CC BY 4.0","open","Journal articles, each with a Darwin Core occurrence dataset on GBIF","API","Point records; no coordinate uncertainty stated","Papers 2014–2026 with Kosovo in the title","Latest paper 2026 (doi:10.3897/bdj.14.e181774)","yes","XK","national","Whether new national records and new species from Kosovo papers are already in GBIF, and so in this report's extract","low","","Partial","2026-09-29","Seven of eight BDJ papers with Kosovo in the title have a GBIF dataset."
"endemic-plants-hacquetia","Conservation assessment of the endemic plants from Kosovo (Hacquetia, 2017)","1","Hacquetia (ZRC SAZU); authors Millaku, Krasniqi, Berisha and Rexhepi","https://ojs.zrc-sazu.si/hacquetia/article/view/4787","10.1515/hacq-2016-0024","CC BY-NC-ND 4.0","open","Journal article (PDF)","PDF","","","Hacquetia 16(1), 2017","yes","not applicable (national assessment)","national","IUCN status of 16 endemic plant taxa, for a national priority list beside Annexes II and IV","","","Documented only","2026-09-29",""
"european-taxon-atlases","European atlases of amphibians, reptiles, butterflies, dragonflies, bats and orchids","1","","","","","","","","","","","","","","","","","Lead, not verified","2026-09-29",""
"museum-collections","Natural history collections holding Kosovo material","1","","","","","","","","","","","partial","","","Which collections hold historical Kosovo specimens, as a baseline for species that may have declined","","","Partial","2026-09-29",""
"ebird-observation-org","eBird and Observation.org records outside GBIF","1","Cornell Lab of Ornithology (eBird); Observation.org","https://www.gbif.org/dataset/4fa7b334-ce0d-4e88-aaae-2e0c138d049e","","eBird on GBIF CC BY 4.0; Observation.org on GBIF CC BY-NC 4.0","open","","API","","eBird on GBIF 1974–2024; Observation.org on GBIF 1979–2026 (records inside GADM XKO)","","yes","XK; ME, MK, RS and AL on border records inside the GADM outline","","Whether bird records exist beyond the GBIF copies, with the effort fields an SPA case needs","","","Partial","2026-09-29","Both GBIF copies are already in this project's download; the eBird Basic Dataset terms could not be read (bot protection)."
"red-book-flora","Red Book of Vascular Flora of the Republic of Kosovo","2","Ministry of Environment and Spatial Planning; editor-in-chief Fadil Millaku","https://www.ammk-rks.net/assets/cms/uploads/files/Publikime-raporte/The_Red_Book_of_Vascular_Flora_of_Republic_of_Kosovo-_English_(Summary).pdf","","","open","PDF, 17-page English summary","PDF","GPS coordinates recorded in the field; not published in the summary","","2013 (English summary PDF dated February 2014)","yes","not applicable (national publication)","national","IUCN status of 237 plant taxa (61 CR, 86 EN), a national priority list beside Annexes II and IV","medium","Field coordinates of critically endangered and collected plants exist; generalise before any release","Documented only","2026-09-29","The summary carries no species list; the full book does. Served under an expired TLS certificate."
"protected-species-ai-18-2012","Protected and strictly protected wild species (AI 18/2012 and its successors)","2","Ministry of Environment and Spatial Planning (issuing authority)","https://gzk.rks-gov.net/ActDetail.aspx?ActID=35969","","","open","Legal act on the Official Gazette","","","","AI MEA No. 12/2020, published 29 December 2020; replaces AI 12/2017","yes","not applicable (national legal act)","national","Which wild species Kosovo protects or strictly protects, for comparison with Annexes II, IV and V","","","Partial","2026-09-29","18/2012 was followed by 12/2017 and 12/2020; the repeal of 18/2012 itself is not yet confirmed."
"kepa-protected-areas-2020","Table of protected areas in Kosovo, 2020","2","Kosovo Environmental Protection Agency (KEPA/AMMK)","https://www.ammk-rks.net/assets/cms/uploads/files/Biodiversiteti/Zonat_e_Mbrojtura_2020.pdf","","","open","PDF table, 17 pages, Albanian","PDF","None: attribute table with areas in hectares","","2020 table (PDF created November 2021)","yes","not applicable (national table); site codes use Albanian prefixes (RN, PK, PM, MN) where NatDA uses NR, NP, PL, NM","national","Whether the national register matches what Kosovo reports to the EEA (NatDA v24)","low","","Partial","2026-09-29",""
"biodiversity-of-kosovo-overview","Biodiversiteti i Kosovës","2","KEPA / Kosovo Institute for Nature Protection (prepared by Qenan Maxhuni)","https://www.ammk-rks.net/assets/cms/uploads/files/Biodiversiteti%20IK/Biodiversiteti_i_Kosoves.pdf","","","open","PDF, 22 pages, Albanian","PDF","","","PDF dated July 2012","yes","not applicable (national publication)","national","Approximate species numbers per group, as a baseline against which inventory gaps can be judged","","","Documented only","2026-09-29",""
"euro-med-plantbase","Euro+Med PlantBase","2","Euro+Med PlantBase Secretariat","https://europlusmed.org/","","","","","","","","","yes","Ko (Kosovo) and Se (Serbia) replace Sr (Serbia with Kosovo), from 2019","national","Whether a plant is recorded for Kosovo as an area of its own, to check range statements for Annex II and IV plants","","","Partial","2026-09-29","europlusmed.org answered HTTP 200 but served a bot-protection page."
"fauna-europaea","Fauna Europaea","2","","https://www.gbif.org/dataset/90d9e8a6-0ce1-472d-b682-3451095dbc5a","10.15468/ymk1bx","unspecified (GBIF record)","open","Checklist on GBIF","API","","","GBIF checklist dated 2016-09-09","","","","","","","Partial","2026-09-29","fauna-eu.org did not resolve (DNS) on 29 September 2026; the GBIF copy exposes no distribution areas."
"european-red-lists","European Red Lists","2","European Commission DG Environment (dataset owner)","https://www.eea.europa.eu/en/datahub/datahubitem-view/202f3c2e-54a9-4ff4-a1da-ed7ca524f634","","","open","CSV and Excel","download","","","Series 2009–2022 (current)","","","national","European and EU27 status of species in the GBIF extract, beside the global Red List the report already uses","","","Partial","2026-09-29","iucnredlist.org served a Cloudflare challenge (HTTP 403)."
"eea-ecosystem-types","Ecosystem types of Europe 2012, version 3.1","3","European Environment Agency (EEA), with ETC/BD and ETC/ULS","https://www.eea.europa.eu/en/datahub/datahubitem-view/573ff9d5-6889-407f-b3fc-cfe3f9e23941","none found","CC-BY 4.0","open","GeoTIFF (tiled, LZW) with attribute table","download; WMS; ArcGIS REST","100 m","2012","Version 3.1 (v3 revision 1), February 2019; metadata revised 2025-10-09","yes","not applicable (raster; no country attribute)","national","Where EUNIS level-2 habitat groups lie in Kosovo and how much of each there is","low","None: habitat classes, no species locations","Complete","2026-09-29",""
"eunis-habitat-maps","EUNIS habitat maps at level 3 (Si-Moussi et al. 2025)","3","Si-Moussi, Hennekens, Mücher, Thuiller and co-authors (Zenodo record)","https://zenodo.org/records/16985100","10.5281/zenodo.16985100","CC-BY 4.0","open","GeoTIFF in zip archives, CSV legend, QGIS style","download","100 m; EUNIS level 3","Training plots 1990–2021; land-cover filter CLC 2018","Zenodo record 2025-08-28 (README v1.0); data paper 11 December 2025","yes","not applicable (raster; Kosovo named in the EEA39 study area)","national","Which EUNIS level-3 habitats, and by indicative crosswalk which Annex I types, the model predicts in Kosovo","medium","None: modelled habitat classes, no species locations","Complete","2026-09-29",""
"kosovo-nfi-2012","Kosovo National Forest Inventory 2012","3","","https://nfg.no/wp-content/uploads/2024/06/Kosovo-National-Forest-Inventory-2012-abstract.pdf","","","","4-page abstract (PDF); no plot data published","PDF","3,453 permanent sample plots across Kosovo; 1,860 forest plots measured","Fieldwork 2012 (six months); first inventory 2003","Second NFI, 2012 (abstract PDF created January 2019)","yes","not applicable (national inventory)","national","Forest area, composition and condition from permanent plots, as a baseline for forest habitat types","","","Documented only","2026-09-29",""
"fise-kosovo","Forest Information System for Europe: Kosovo","3","European Environment Agency (Forest Information System for Europe)","https://forest.eea.europa.eu/countries/cooperating-countries/kosovo","","","open","Web page (country profile)","","","Indicators for 2015 and 2020","","yes","","national","National forest statistics as reported to FAO and FOREST EUROPE, to set against the NFI","","","Partial","2026-09-29","The page lists its indicators and sources; its figures did not come through the fetch."
"copernicus-land","Copernicus land monitoring: CORINE, High Resolution Layers, Riparian Zones","3","Copernicus Land Monitoring Service (EEA)","https://land.copernicus.eu/en/products/corine-land-cover/clc2018","","","","","","","","","yes","","national","Natural and semi-natural land cover that may hold Annex I habitats; already used in the report's habitat screen","","","Partial","2026-09-29","CLC2018 is already in the pipeline; HRL and Riparian Zones coverage of Kosovo not yet checked."
"emerald-network","Emerald Network","4","Council of Europe (Bern Convention); data processed and published by the EEA","https://www.eea.europa.eu/en/datahub/datahubitem-view/4c4c8086-c940-400b-9064-29063143b2de","10.2909/a2a18206-633a-4166-8850-0552661ef25f","CC-BY 4.0","open","GeoPackage, Shapefile; tables in MS Access and CSV","download; WMS; ArcGIS REST","1:100,000","Submissions 2024-03-01 to 2025-12-31","Version 2025, published 2026-05-19","partial","RS: Serbian candidate sites extend into Kosovo; no Kosovo-coded site","site","Which candidate Emerald sites the neighbours proposed on and across Kosovo's border, and how much of them lies inside Kosovo","low","None: site boundaries and attributes, no species locations","Complete","2026-09-29","Kosovo is not a Bern Convention Party (NBSAP 2016–2020), yet Serbia's candidate sites of 2006–2008 cover parts of Kosovo under code RS."
"mustafa-2009-potential-n2k","Natura 2000 potential areas in Kosovo","4","","","","","","","","","","","yes","","national","Which areas were first proposed as potential Natura 2000 sites, as a starting point to re-test against current data","","","Documented only","2026-09-29","Cited as Mustafa, B. (2009) in Veselaj & Mustafa 2015; the NBSAP 2016–2020 confirms a 2008 report of preliminary sites under the Sustainable Forest Management project."
"nbsap-2016-2020","Biodiversity Strategy and Action Plan 2016–2020","4","Ministry of Environment and Spatial Planning (MESP)","https://kryeministri.rks-gov.net/wp-content/uploads/2022/08/Eng-SAPB-2016-2020.pdf","","","open","PDF, 78 pages, English","PDF","","Action plan 2016–2020 under the strategy 2011–2020","Action Plan 2016–2020 (PDF dated June 2018)","yes","not applicable (national strategy)","national","What the state committed to on Natura 2000 preparation, and which gaps it recorded itself","","","Documented only","2026-09-29","The EC Kosovo Report 2025 says the environment strategy for 2024–2033 is still pending."
"iba-kba","Important Bird and Biodiversity Areas and Key Biodiversity Areas","4","BirdLife International (IBAs); KBA Partnership (World Database of KBAs)","https://datazone.birdlife.org/site/factsheet/3126-sara-mountain","","","on request","","","","","","partial","RS: sites held in BirdLife's Serbia inventory (codes RS022–RS024, RS062); no Kosovo country record","national","Which IBAs and KBAs an SPA and SCI proposal should start from, and how much of each lies in Kosovo","low","","Awaiting request","2026-09-29","Attributes public and already in the report; boundaries on request."
"important-plant-areas","Important Plant Areas","4","Plantlife (Global IPA Database)","https://www.plantlifeipa.org/home","","","","","","","","","","","","","","","Lead, not verified","2026-09-29","The Global IPA Database was offline on 29 September 2026."
"eea-biogeographical-regions","Biogeographical regions of Europe","4","European Environment Agency (EEA)","https://sdi.eea.europa.eu/catalogue/srv/api/records/c6d27566-e699-4d58-a132-bbe3fe01491b","none found","CC-BY 4.0","open","Shapefile, SpatiaLite","download; WMS; ArcGIS REST","1:1,000,000 to 1:10,000,000","not applicable (a delineation; 2016 edition)","Europe 2016, version 1 (edition 01.00, 26 January 2016)","yes","not applicable (regions carry no country attribute)","national","Which biogeographical regions Kosovo's sites and features would be assessed in","low","None","Complete","2026-09-29","Already used by the report's habitat screen (data/kosovo_biogeo_regions.gpkg)."
"ec-kosovo-report-2025","European Commission Kosovo Report 2025","4","European Commission (DG Enlargement)","https://enlargement.ec.europa.eu/kosovo-report-2025_en","","","open","PDF","PDF","","","Kosovo Report 2025, published 4 November 2025","yes","not applicable (report)","national","How the Commission rates Kosovo's progress on nature protection and Natura 2000 identification","","","Documented only","2026-09-29",""
"art17-2013-2018","Article 17 reporting under the Habitats Directive, 2013–2018","5","European Environment Agency (EEA) and European Commission DG Environment","https://www.eea.europa.eu/en/datahub/datahubitem-view/d8b47719-9213-485a-845b-db1bfe93598d","none found","CC-BY 4.0","open","GeoPackage, File Geodatabase; tables in CSV and MS Access","download; WMS; ArcGIS REST","10 km grid (ETRS89-LAEA, EPSG:3035)","2013–2018","Public version, August 2020 (published 2020-08-27; metadata revised 2025-10-09)","no","none; the only reporting country within 100 km is BG","national","Which Annex I habitats and Annex II species the neighbouring EU countries report within 50 and 100 km of Kosovo","low","Public version excludes sensitive species","Complete","2026-09-29","EU-only by design; border-zone lists built from a remote read. 2019–2024 round visible in the web tool, not yet on the datahub."
"art12-birds","Article 12 reporting under the Birds Directive, 2013–2018","5","European Environment Agency (EEA) and European Commission DG Environment","https://www.eea.europa.eu/en/datahub/datahubitem-view/96e1b9b1-ee94-4547-ad61-8059df7240bf","none found","CC-BY 4.0","open","GeoPackage, File Geodatabase; tables in CSV and MS Access","download; WMS; ArcGIS REST","10 km grid (ETRS89-LAEA, EPSG:3035)","2013–2018","Public version, April 2021 (edition 01.01; published 2022-03-01; metadata revised 2025-10-09)","no","none; the only reporting country within 100 km is BG","national","Which breeding and wintering birds, Annex I species among them, the nearest EU countries report within 50 and 100 km of Kosovo","low","Public version excludes sensitive species","Complete","2026-09-29","EU-only by design; border-zone lists built from a remote read."
"serbia-eu-for-natura2000","EU for Natura 2000 in Serbia","5","Ministry of Environmental Protection of Serbia, with the Institute for Nature Conservation of Serbia","https://natura2000.gov.rs/en/natura-2000-in-serbia-achievements-and-next-steps/","","","none","Web pages and PDF newsletters; no site data","","","","Results presented November 2021 (project ended 30 November 2021)","","","","Which of Serbia's 277 pSCIs and 85 SPAs adjoin Kosovo, for transboundary site design","","","Documented only","2026-09-29","natura2000.gov.rs root returned HTTP 500; the /en/ pages answered."
"montenegro-n2k","Natura 2000 research in Montenegro: species reports","5","Environmental Protection Agency of Montenegro (EPA)","https://epa.org.me/2026/03/25/natura-2000-kao-kljucni-korak-ka-eu-odrzani-ekspertski-sastanci/","","","","","","","","First draft Natura 2000 proposal being finalised, March 2026","no","","","Species and habitat context for the mountains Kosovo shares with Montenegro (Prokletije, Hajla)","","","Documented only","2026-09-29","The species reports themselves are on academia.edu and ResearchGate, which both returned HTTP 403."
"albania-natural","NaturAL project, Albania: small terrestrial mammals","5","Bego et al. (ZooKeys 2018), for the NaturAL project","https://doi.org/10.3897/zookeys.742.22364","10.3897/zookeys.742.22364","CC BY 4.0","open","Journal article","PDF","","Field campaigns summer and autumn 2016 and 2017","","no","","","Small-mammal records from the Albanian side of Korab-Koritnik, Has and the Albanian Alps, as transboundary context","","","Partial","2026-09-29","The BioNNA database the paper cites (bionna.al) did not resolve (DNS)."
"neighbour-emerald-sufficiency","Emerald Network sufficiency in neighbouring countries","5","Council of Europe (Bern Convention Standing Committee)","","","","","","","","","","no","","","How far the neighbours' Emerald lists fall short, and which of their sites border Kosovo","","","Partial","2026-09-29","Sufficiency figures only from Bankwatch (secondary, 9 December 2024); coe.int returned HTTP 403."
"copernicus-dem","Copernicus Digital Elevation Model","6","Copernicus Programme (source COP-DEM GLO-90-DGED); AWS open-data copy","https://copernicus-dem-90m.s3.amazonaws.com/readme.html","","Free for the general public under the Copernicus DEM licence linked from the readme","open","Cloud-optimised GeoTIFF, 1° tiles (digital surface model)","download","3 arc-seconds (about 90 m), GLO-90","","","yes","not applicable (raster)","national","Elevation and relief, for altitude belts, watersheds and boundary drawing","low","None","Partial","2026-09-29",""
"chelsa","CHELSA climatologies","6","","https://os.zhdk.cloud.switch.ch/chelsav2/GLOBAL/climatologies/1981-2010/bio/CHELSA_bio1_1981-2010_V.2.1.tif","","","open","GeoTIFF","download","30 arc-seconds (about 1 km)","1981–2010 climatology","V2.1","yes","not applicable (raster)","national","Climate gradients for species distribution models and for the biogeographical split within Kosovo","low","None","Partial","2026-09-29",""
"worldclim","WorldClim","6","","https://geodata.ucdavis.edu/climate/worldclim/2_1/tiles/iso/XKO_wc2.1_30s_tavg.tif","","","open","GeoTIFF, one tile per country","R package","30 arc-seconds (about 1 km)","","WorldClim 2.1 (country tiles served by geodata)","yes","XKO (ISO3 in geodata; ISO2 XK)","national","Climate covariates, reached in one line of R, for models and screening","low","None","Partial","2026-09-29",""
"eu-hydro","EU-Hydro","6","Copernicus Land Monitoring Service, coordinated by the EEA","https://land.copernicus.eu/en/products/eu-hydro/eu-hydro-river-network-database","10.2909/393359a7-7ebd-4a52-80ac-1a18d5f3db9c","Copernicus full, free and open data policy (attribution required)","open","File Geodatabase, GeoPackage (by major basin)","download; WMS; ArcGIS REST","1:50,000; minimum mapping unit 1 ha","2006–2012","Version 1.3, November 2020 (revised 2020-11-25)","partial","not applicable (no country attribute queried)","national","River network and Strahler order, for freshwater Annex I types, fish and boundary lines along rivers","low","None","Complete","2026-09-29","The metadata says no water-body data were available for Kosovo; the river network nevertheless reaches it."
"hydrosheds","HydroSHEDS","6","HydroSHEDS (Lehner and Grill)","https://www.hydrosheds.org/products/hydrorivers","none found for the dataset; citation paper doi:10.1002/hyp.9740","Free for scientific, educational and commercial use under the HydroSHEDS licence (attribution required)","open","Shapefile or File Geodatabase, zipped per continent","download","Derived from 15 arc-second (about 500 m) grids","not applicable (static network derived from the HydroSHEDS grids)","HydroRIVERS v1.0","yes","not applicable (no country attribute)","national","A coarse, globally consistent river network and catchments, where EU-Hydro is not needed","low","None","Complete","2026-09-29",""
"soils-geology","Soil and geology layers (SoilGrids and others)","6","","https://files.isric.org/soilgrids/latest/data/","","","open","Cloud-optimised GeoTIFF behind a VRT","download","250 m (SoilGrids)","","","yes","not applicable (raster)","national","Soil properties as covariates for habitat models (serpentine, limestone and silicate substrates matter for Kosovo's endemics)","","","Partial","2026-09-29","SoilGrids checked; no open geology layer confirmed yet."
"balkan-hydropower","Hydropower projects on Balkan rivers","7","RiverWatch and EuroNatur (data compiled by Fluvius, Vienna)","https://riverwatch.eu/en/balkanrivers/news/10-years-hydropower-data-2024-update-reveals-ongoing-threats-and-wins-balkan","","","on request","Report (PDF) and online map; GIS data held by the authors","","","","2024 update, published 14 March 2025","yes","","national","Which rivers carry existing and planned hydropower, set against protected areas and freshwater features","","None","Awaiting request","2026-09-29","2022 update: Kosovo 89 planned and 10 under construction."
"icmm-mining","Independent Commission for Mines and Minerals: licences and GIS","7","Independent Commission for Mines and Minerals (ICMM/KPMM)","https://kosovo-mining.org/?lang=en","","","registration","","","","","","yes","","national","Where mining licences and applications overlap candidate sites and protected areas","","","Awaiting request","2026-09-29","The GIS link redirects to a login page; the data shop sells printed maps."
"kca-geoportal","Kosovo Cadastral Agency State Geoportal","7","Kosovo Cadastral Agency","https://geoportal.rks-gov.net/en/per-gjeoportalin/-/asset_publisher/EO0MH4mgPwJp/content","","","","","","","","","yes","","site","Cadastral parcels and orthophotos, to draw site boundaries that can be found on the ground and in the land register","","","Partial","2026-09-29","Portal and login page answer; no open WMS/WFS found at the endpoints tried."
"np-spatial-plans","National park spatial plans","7","Ministry of Environment, Spatial Planning and Infrastructure (Institute for Spatial Planning)","https://mmphi.rks-gov.net/mmphifolder/OtherDocuments/Plani%20Hap%C3%ABsinor%20PK%20Bjeshk%C3%ABt%20e%20Nemuna.pdf","","","open","PDF (Bjeshkët e Nemuna plan, 89 pages; Sharri SEA draft, 161 pages)","PDF","","","Bjeshkët e Nemuna plan PDF June 2023; Sharri SEA draft PDF March 2025","yes","not applicable (national plans)","site","Zoning and planned development inside the two national parks, the core of any Natura 2000 proposal","","","Documented only","2026-09-29",""
"river-basin-programme","River basin management work programme 2025–2027","7","","","","","","","","","","","","","","","","","Lead, not verified","2026-09-29","The starting URL returned HTTP 404; search engines still index it."
"forest-loss-hansen","Global Forest Change (Hansen et al.)","7","University of Maryland GLAD (Hansen et al.)","https://storage.googleapis.com/earthenginepartners-hansen/GFC-2025-v1.13/download.html","10.1126/science.1244693","CC BY 4.0","open","GeoTIFF, 10° tiles","download","1 arc-second (about 30 m)","2000–2025","Version 1.13 (GFC-2025-v1.13)","yes","not applicable (raster)","national","Where and when tree cover was lost, as a pressure on forest habitat types and forest species","low","None","Complete","2026-09-29",""
"effis-burnt-areas","EFFIS burnt areas","7","European Forest Fire Information System (EFFIS), Copernicus Emergency Management Service","https://forest-fire.emergency.copernicus.eu/applications/data-and-services","","","open","Shapefile, SpatiaLite; GML through WFS","WFS","","","","yes","KS; also RS on fires lying inside Kosovo (131 of them more than 90 per cent inside)","national","Where fires burnt, and how much of it was forest or semi-natural land, as a pressure on habitats","low","None","Partial","2026-09-29",""
"r-access-toolkit","R packages for reaching these sources","8","CRAN (package maintainers)","https://cloud.r-project.org/","","","open","R packages","R package","","","","partial","geodata XKO/XK; GISCO none (Kosovo inside RS/SRB); EFFIS KS; GBIF XK and GADM XKO","","","low","","Partial","2026-09-29",""
