"slug","field","value","evidence_url","checked_on"
"ebba2","custodian","European Bird Census Council (EBCC)","https://www.ebcc.info/what-we-do/ebba2/","2026-09-29"
"ebba2","url","https://www.ebcc.info/what-we-do/ebba2/","https://www.ebcc.info/what-we-do/ebba2/","2026-09-29"
"ebba2","access","on request","https://ebba2.info/data-request/","2026-09-29"
"ebba2","spatial_resolution","50 km (observed); 10 km (modelled probability of occurrence)","https://www.ebcc.info/what-we-do/ebba2/","2026-09-29"
"ebba2","temporal_coverage","fieldwork mostly 2013–2017","https://www.ebcc.info/what-we-do/ebba2/","2026-09-29"
"ebba2","latest_version","Book 2020 (EBCC & Lynx Edicions); online version 2021","https://www.ebcc.info/what-we-do/ebba2/","2026-09-29"
"ebba2","tier","national","https://www.ebcc.info/what-we-do/ebba2/","2026-09-29"
"ebba2","n2k_question","Breeding likelihood and abundance of each species in Kosovo's 50 km squares, as a check on what GBIF misses","https://www.ebcc.info/what-we-do/ebba2/","2026-09-29"
"emma2","custodian","EMMA2 project, european-mammals.org","https://european-mammals.org/","2026-09-29"
"emma2","url","https://european-mammals.org/","https://european-mammals.org/","2026-09-29"
"emma2","latest_version","Book due 6 October 2026 (CRC Press); database of 142,965 records of 245 species as of June 2024","https://european-mammals.org/","2026-09-29"
"emma2","n2k_question","Mammal presence on the European atlas grid, as a check on Annex II and IV mammals in the GBIF extract","https://european-mammals.org/","2026-09-29"
"red-book-fauna","custodian","Ministry of Environment and Spatial Planning; Kosovo Environmental Protection Agency; Kosovo Institute for Nature Protection","https://www.ammk-rks.net/assets/cms/uploads/files/Publikime-raporte/Libri_i_kuq.pdf","2026-09-29"
"red-book-fauna","url","https://www.ammk-rks.net/assets/cms/uploads/files/Publikime-raporte/Libri_i_kuq.pdf","https://www.ammk-rks.net/al/drejtorite/38/raporte-studime-publikime","2026-09-29"
"red-book-fauna","licence","All rights reserved: no reproduction without the Ministry's permission","https://www.ammk-rks.net/assets/cms/uploads/files/Publikime-raporte/Libri_i_kuq.pdf","2026-09-29"
"red-book-fauna","access","open","https://www.ammk-rks.net/assets/cms/uploads/files/Publikime-raporte/Libri_i_kuq.pdf","2026-09-29"
"red-book-fauna","format","PDF, 203 pages, Albanian","https://www.ammk-rks.net/assets/cms/uploads/files/Publikime-raporte/Libri_i_kuq.pdf","2026-09-29"
"red-book-fauna","access_method","PDF","https://www.ammk-rks.net/assets/cms/uploads/files/Publikime-raporte/Libri_i_kuq.pdf","2026-09-29"
"red-book-fauna","spatial_resolution","Named localities and printed species maps; no data release","https://www.ammk-rks.net/assets/cms/uploads/files/Publikime-raporte/Libri_i_kuq.pdf","2026-09-29"
"red-book-fauna","latest_version","2018 (PDF dated July 2019)","https://www.ammk-rks.net/assets/cms/uploads/files/Publikime-raporte/Libri_i_kuq.pdf","2026-09-29"
"red-book-fauna","kosovo_coverage","yes","https://www.ammk-rks.net/assets/cms/uploads/files/Publikime-raporte/Libri_i_kuq.pdf","2026-09-29"
"red-book-fauna","kosovo_codes_seen","not applicable (national publication)","https://www.ammk-rks.net/assets/cms/uploads/files/Publikime-raporte/Libri_i_kuq.pdf","2026-09-29"
"red-book-fauna","tier","national","https://www.ammk-rks.net/assets/cms/uploads/files/Publikime-raporte/Libri_i_kuq.pdf","2026-09-29"
"red-book-fauna","n2k_question","Which animals are nationally threatened, as a Kosovo priority list to set beside Annex II and IV","https://www.ammk-rks.net/assets/cms/uploads/files/Publikime-raporte/Libri_i_kuq.pdf","2026-09-29"
"red-book-fauna","effort","medium","https://www.ammk-rks.net/assets/cms/uploads/files/Publikime-raporte/Libri_i_kuq.pdf","2026-09-29"
"red-book-fauna","sensitivity","Locates threatened species by named locality; treat as sensitive","https://www.ammk-rks.net/assets/cms/uploads/files/Publikime-raporte/Libri_i_kuq.pdf","2026-09-29"
"kosovo-data-papers","custodian","Pensoft Publishers (Biodiversity Data Journal) and the papers' authors","https://bdj.pensoft.net/","2026-09-29"
"kosovo-data-papers","url","https://bdj.pensoft.net/","https://bdj.pensoft.net/","2026-09-29"
"kosovo-data-papers","doi","not applicable (one DOI per paper)","https://jonasgaigr.github.io/kosovo-biodiversity-data-workshop-2026/sources/kosovo-data-papers.html","2026-09-29"
"kosovo-data-papers","licence","CC BY 4.0","https://www.ebi.ac.uk/europepmc/webservices/rest/search?query=PMCID:PMC12374165&format=json&resultType=core","2026-09-29"
"kosovo-data-papers","access","open","https://bdj.pensoft.net/","2026-09-29"
"kosovo-data-papers","format","Journal articles, each with a Darwin Core occurrence dataset on GBIF","https://jonasgaigr.github.io/kosovo-biodiversity-data-workshop-2026/sources/kosovo-data-papers.html","2026-09-29"
"kosovo-data-papers","access_method","API","https://jonasgaigr.github.io/kosovo-biodiversity-data-workshop-2026/sources/kosovo-data-papers.html","2026-09-29"
"kosovo-data-papers","spatial_resolution","Point records; no coordinate uncertainty stated","https://jonasgaigr.github.io/kosovo-biodiversity-data-workshop-2026/sources/kosovo-data-papers.html","2026-09-29"
"kosovo-data-papers","temporal_coverage","Papers 2014–2026 with Kosovo in the title","https://www.ebi.ac.uk/europepmc/webservices/rest/search?query=JOURNAL:%22Biodiversity%20Data%20Journal%22%20AND%20TITLE:Kosovo&format=json&pageSize=50","2026-09-29"
"kosovo-data-papers","latest_version","Latest paper 2026 (doi:10.3897/bdj.14.e181774)","https://www.ebi.ac.uk/europepmc/webservices/rest/search?query=JOURNAL:%22Biodiversity%20Data%20Journal%22%20AND%20TITLE:Kosovo&format=json&pageSize=50","2026-09-29"
"kosovo-data-papers","kosovo_coverage","yes","https://jonasgaigr.github.io/kosovo-biodiversity-data-workshop-2026/sources/kosovo-data-papers.html","2026-09-29"
"kosovo-data-papers","kosovo_codes_seen","XK","https://jonasgaigr.github.io/kosovo-biodiversity-data-workshop-2026/sources/kosovo-data-papers.html","2026-09-29"
"kosovo-data-papers","tier","national","https://jonasgaigr.github.io/kosovo-biodiversity-data-workshop-2026/sources/kosovo-data-papers.html","2026-09-29"
"kosovo-data-papers","n2k_question","Whether new national records and new species from Kosovo papers are already in GBIF, and so in this report's extract","https://jonasgaigr.github.io/kosovo-biodiversity-data-workshop-2026/sources/kosovo-data-papers.html","2026-09-29"
"kosovo-data-papers","effort","low","https://jonasgaigr.github.io/kosovo-biodiversity-data-workshop-2026/sources/kosovo-data-papers.html","2026-09-29"
"endemic-plants-hacquetia","custodian","Hacquetia (ZRC SAZU); authors Millaku, Krasniqi, Berisha and Rexhepi","https://ojs.zrc-sazu.si/hacquetia/article/view/4787","2026-09-29"
"endemic-plants-hacquetia","url","https://ojs.zrc-sazu.si/hacquetia/article/view/4787","https://ojs.zrc-sazu.si/hacquetia/article/view/4787","2026-09-29"
"endemic-plants-hacquetia","doi","10.1515/hacq-2016-0024","https://ojs.zrc-sazu.si/hacquetia/article/view/4787","2026-09-29"
"endemic-plants-hacquetia","licence","CC BY-NC-ND 4.0","https://ojs.zrc-sazu.si/hacquetia/article/view/4787","2026-09-29"
"endemic-plants-hacquetia","access","open","https://ojs.zrc-sazu.si/hacquetia/article/view/4787","2026-09-29"
"endemic-plants-hacquetia","format","Journal article (PDF)","https://ojs.zrc-sazu.si/hacquetia/article/view/4787","2026-09-29"
"endemic-plants-hacquetia","access_method","PDF","https://ojs.zrc-sazu.si/hacquetia/article/view/4787","2026-09-29"
"endemic-plants-hacquetia","latest_version","Hacquetia 16(1), 2017","https://ojs.zrc-sazu.si/hacquetia/article/view/4787","2026-09-29"
"endemic-plants-hacquetia","kosovo_coverage","yes","https://ojs.zrc-sazu.si/hacquetia/article/view/4787","2026-09-29"
"endemic-plants-hacquetia","kosovo_codes_seen","not applicable (national assessment)","https://ojs.zrc-sazu.si/hacquetia/article/view/4787","2026-09-29"
"endemic-plants-hacquetia","tier","national","https://ojs.zrc-sazu.si/hacquetia/article/view/4787","2026-09-29"
"endemic-plants-hacquetia","n2k_question","IUCN status of 16 endemic plant taxa, for a national priority list beside Annexes II and IV","https://ojs.zrc-sazu.si/hacquetia/article/view/4787","2026-09-29"
"museum-collections","kosovo_coverage","partial","https://jonasgaigr.github.io/kosovo-biodiversity-data-workshop-2026/sources/museum-collections.html","2026-09-29"
"museum-collections","n2k_question","Which collections hold historical Kosovo specimens, as a baseline for species that may have declined","https://jonasgaigr.github.io/kosovo-biodiversity-data-workshop-2026/sources/museum-collections.html","2026-09-29"
"ebird-observation-org","custodian","Cornell Lab of Ornithology (eBird); Observation.org","https://api.gbif.org/v1/dataset/4fa7b334-ce0d-4e88-aaae-2e0c138d049e","2026-09-29"
"ebird-observation-org","url","https://www.gbif.org/dataset/4fa7b334-ce0d-4e88-aaae-2e0c138d049e","https://api.gbif.org/v1/dataset/4fa7b334-ce0d-4e88-aaae-2e0c138d049e","2026-09-29"
"ebird-observation-org","licence","eBird on GBIF CC BY 4.0; Observation.org on GBIF CC BY-NC 4.0","https://api.gbif.org/v1/dataset/8a863029-f435-446a-821e-275f4f641165","2026-09-29"
"ebird-observation-org","access","open","https://api.gbif.org/v1/dataset/4fa7b334-ce0d-4e88-aaae-2e0c138d049e","2026-09-29"
"ebird-observation-org","access_method","API","https://api.gbif.org/v1/dataset/4fa7b334-ce0d-4e88-aaae-2e0c138d049e","2026-09-29"
"ebird-observation-org","temporal_coverage","eBird on GBIF 1974–2024; Observation.org on GBIF 1979–2026 (records inside GADM XKO)","https://jonasgaigr.github.io/kosovo-biodiversity-data-workshop-2026/sources/ebird-observation-org.html","2026-09-29"
"ebird-observation-org","kosovo_coverage","yes","https://jonasgaigr.github.io/kosovo-biodiversity-data-workshop-2026/sources/ebird-observation-org.html","2026-09-29"
"ebird-observation-org","kosovo_codes_seen","XK; ME, MK, RS and AL on border records inside the GADM outline","https://jonasgaigr.github.io/kosovo-biodiversity-data-workshop-2026/sources/ebird-observation-org.html","2026-09-29"
"ebird-observation-org","n2k_question","Whether bird records exist beyond the GBIF copies, with the effort fields an SPA case needs","https://jonasgaigr.github.io/kosovo-biodiversity-data-workshop-2026/sources/ebird-observation-org.html","2026-09-29"
"red-book-flora","custodian","Ministry of Environment and Spatial Planning; editor-in-chief Fadil Millaku","https://www.ammk-rks.net/assets/cms/uploads/files/Publikime-raporte/The_Red_Book_of_Vascular_Flora_of_Republic_of_Kosovo-_English_(Summary).pdf","2026-09-29"
"red-book-flora","url","https://www.ammk-rks.net/assets/cms/uploads/files/Publikime-raporte/The_Red_Book_of_Vascular_Flora_of_Republic_of_Kosovo-_English_(Summary).pdf","https://www.ammk-rks.net/assets/cms/uploads/files/Publikime-raporte/The_Red_Book_of_Vascular_Flora_of_Republic_of_Kosovo-_English_(Summary).pdf","2026-09-29"
"red-book-flora","access","open","https://www.ammk-rks.net/assets/cms/uploads/files/Publikime-raporte/The_Red_Book_of_Vascular_Flora_of_Republic_of_Kosovo-_English_(Summary).pdf","2026-09-29"
"red-book-flora","format","PDF, 17-page English summary","https://www.ammk-rks.net/assets/cms/uploads/files/Publikime-raporte/The_Red_Book_of_Vascular_Flora_of_Republic_of_Kosovo-_English_(Summary).pdf","2026-09-29"
"red-book-flora","access_method","PDF","https://www.ammk-rks.net/assets/cms/uploads/files/Publikime-raporte/The_Red_Book_of_Vascular_Flora_of_Republic_of_Kosovo-_English_(Summary).pdf","2026-09-29"
"red-book-flora","spatial_resolution","GPS coordinates recorded in the field; not published in the summary","https://www.ammk-rks.net/assets/cms/uploads/files/Publikime-raporte/The_Red_Book_of_Vascular_Flora_of_Republic_of_Kosovo-_English_(Summary).pdf","2026-09-29"
"red-book-flora","latest_version","2013 (English summary PDF dated February 2014)","https://www.ammk-rks.net/assets/cms/uploads/files/Publikime-raporte/The_Red_Book_of_Vascular_Flora_of_Republic_of_Kosovo-_English_(Summary).pdf","2026-09-29"
"red-book-flora","kosovo_coverage","yes","https://www.ammk-rks.net/assets/cms/uploads/files/Publikime-raporte/The_Red_Book_of_Vascular_Flora_of_Republic_of_Kosovo-_English_(Summary).pdf","2026-09-29"
"red-book-flora","kosovo_codes_seen","not applicable (national publication)","https://www.ammk-rks.net/assets/cms/uploads/files/Publikime-raporte/The_Red_Book_of_Vascular_Flora_of_Republic_of_Kosovo-_English_(Summary).pdf","2026-09-29"
"red-book-flora","tier","national","https://www.ammk-rks.net/assets/cms/uploads/files/Publikime-raporte/The_Red_Book_of_Vascular_Flora_of_Republic_of_Kosovo-_English_(Summary).pdf","2026-09-29"
"red-book-flora","n2k_question","IUCN status of 237 plant taxa (61 CR, 86 EN), a national priority list beside Annexes II and IV","https://www.ammk-rks.net/assets/cms/uploads/files/Publikime-raporte/The_Red_Book_of_Vascular_Flora_of_Republic_of_Kosovo-_English_(Summary).pdf","2026-09-29"
"red-book-flora","effort","medium","https://www.ammk-rks.net/assets/cms/uploads/files/Publikime-raporte/The_Red_Book_of_Vascular_Flora_of_Republic_of_Kosovo-_English_(Summary).pdf","2026-09-29"
"red-book-flora","sensitivity","Field coordinates of critically endangered and collected plants exist; generalise before any release","https://www.ammk-rks.net/assets/cms/uploads/files/Publikime-raporte/The_Red_Book_of_Vascular_Flora_of_Republic_of_Kosovo-_English_(Summary).pdf","2026-09-29"
"protected-species-ai-18-2012","custodian","Ministry of Environment and Spatial Planning (issuing authority)","https://gzk.rks-gov.net/ActDetail.aspx?ActID=35969","2026-09-29"
"protected-species-ai-18-2012","url","https://gzk.rks-gov.net/ActDetail.aspx?ActID=35969","https://gzk.rks-gov.net/ActDetail.aspx?ActID=35969","2026-09-29"
"protected-species-ai-18-2012","access","open","https://gzk.rks-gov.net/ActDetail.aspx?ActID=35969","2026-09-29"
"protected-species-ai-18-2012","format","Legal act on the Official Gazette","https://gzk.rks-gov.net/ActDetail.aspx?ActID=35969","2026-09-29"
"protected-species-ai-18-2012","latest_version","AI MEA No. 12/2020, published 29 December 2020; replaces AI 12/2017","https://gzk.rks-gov.net/ActDetail.aspx?ActID=35969","2026-09-29"
"protected-species-ai-18-2012","kosovo_coverage","yes","https://gzk.rks-gov.net/ActDetail.aspx?ActID=35969","2026-09-29"
"protected-species-ai-18-2012","kosovo_codes_seen","not applicable (national legal act)","https://gzk.rks-gov.net/ActDetail.aspx?ActID=35969","2026-09-29"
"protected-species-ai-18-2012","tier","national","https://gzk.rks-gov.net/ActDetail.aspx?ActID=35969","2026-09-29"
"protected-species-ai-18-2012","n2k_question","Which wild species Kosovo protects or strictly protects, for comparison with Annexes II, IV and V","https://gzk.rks-gov.net/ActDetail.aspx?ActID=35969","2026-09-29"
"kepa-protected-areas-2020","custodian","Kosovo Environmental Protection Agency (KEPA/AMMK)","https://www.ammk-rks.net/assets/cms/uploads/files/Biodiversiteti/Zonat_e_Mbrojtura_2020.pdf","2026-09-29"
"kepa-protected-areas-2020","url","https://www.ammk-rks.net/assets/cms/uploads/files/Biodiversiteti/Zonat_e_Mbrojtura_2020.pdf","https://www.ammk-rks.net/assets/cms/uploads/files/Biodiversiteti/Zonat_e_Mbrojtura_2020.pdf","2026-09-29"
"kepa-protected-areas-2020","access","open","https://www.ammk-rks.net/assets/cms/uploads/files/Biodiversiteti/Zonat_e_Mbrojtura_2020.pdf","2026-09-29"
"kepa-protected-areas-2020","format","PDF table, 17 pages, Albanian","https://www.ammk-rks.net/assets/cms/uploads/files/Biodiversiteti/Zonat_e_Mbrojtura_2020.pdf","2026-09-29"
"kepa-protected-areas-2020","access_method","PDF","https://www.ammk-rks.net/assets/cms/uploads/files/Biodiversiteti/Zonat_e_Mbrojtura_2020.pdf","2026-09-29"
"kepa-protected-areas-2020","spatial_resolution","None: attribute table with areas in hectares","https://www.ammk-rks.net/assets/cms/uploads/files/Biodiversiteti/Zonat_e_Mbrojtura_2020.pdf","2026-09-29"
"kepa-protected-areas-2020","latest_version","2020 table (PDF created November 2021)","https://www.ammk-rks.net/assets/cms/uploads/files/Biodiversiteti/Zonat_e_Mbrojtura_2020.pdf","2026-09-29"
"kepa-protected-areas-2020","kosovo_coverage","yes","https://www.ammk-rks.net/assets/cms/uploads/files/Biodiversiteti/Zonat_e_Mbrojtura_2020.pdf","2026-09-29"
"kepa-protected-areas-2020","kosovo_codes_seen","not applicable (national table); site codes use Albanian prefixes (RN, PK, PM, MN) where NatDA uses NR, NP, PL, NM","https://jonasgaigr.github.io/kosovo-biodiversity-data-workshop-2026/sources/kepa-protected-areas-2020.html","2026-09-29"
"kepa-protected-areas-2020","tier","national","https://www.ammk-rks.net/assets/cms/uploads/files/Biodiversiteti/Zonat_e_Mbrojtura_2020.pdf","2026-09-29"
"kepa-protected-areas-2020","n2k_question","Whether the national register matches what Kosovo reports to the EEA (NatDA v24)","https://jonasgaigr.github.io/kosovo-biodiversity-data-workshop-2026/sources/kepa-protected-areas-2020.html","2026-09-29"
"kepa-protected-areas-2020","effort","low","https://jonasgaigr.github.io/kosovo-biodiversity-data-workshop-2026/sources/kepa-protected-areas-2020.html","2026-09-29"
"biodiversity-of-kosovo-overview","custodian","KEPA / Kosovo Institute for Nature Protection (prepared by Qenan Maxhuni)","https://www.ammk-rks.net/assets/cms/uploads/files/Biodiversiteti%20IK/Biodiversiteti_i_Kosoves.pdf","2026-09-29"
"biodiversity-of-kosovo-overview","url","https://www.ammk-rks.net/assets/cms/uploads/files/Biodiversiteti%20IK/Biodiversiteti_i_Kosoves.pdf","https://www.ammk-rks.net/assets/cms/uploads/files/Biodiversiteti%20IK/Biodiversiteti_i_Kosoves.pdf","2026-09-29"
"biodiversity-of-kosovo-overview","access","open","https://www.ammk-rks.net/assets/cms/uploads/files/Biodiversiteti%20IK/Biodiversiteti_i_Kosoves.pdf","2026-09-29"
"biodiversity-of-kosovo-overview","format","PDF, 22 pages, Albanian","https://www.ammk-rks.net/assets/cms/uploads/files/Biodiversiteti%20IK/Biodiversiteti_i_Kosoves.pdf","2026-09-29"
"biodiversity-of-kosovo-overview","access_method","PDF","https://www.ammk-rks.net/assets/cms/uploads/files/Biodiversiteti%20IK/Biodiversiteti_i_Kosoves.pdf","2026-09-29"
"biodiversity-of-kosovo-overview","latest_version","PDF dated July 2012","https://www.ammk-rks.net/assets/cms/uploads/files/Biodiversiteti%20IK/Biodiversiteti_i_Kosoves.pdf","2026-09-29"
"biodiversity-of-kosovo-overview","kosovo_coverage","yes","https://www.ammk-rks.net/assets/cms/uploads/files/Biodiversiteti%20IK/Biodiversiteti_i_Kosoves.pdf","2026-09-29"
"biodiversity-of-kosovo-overview","kosovo_codes_seen","not applicable (national publication)","https://www.ammk-rks.net/assets/cms/uploads/files/Biodiversiteti%20IK/Biodiversiteti_i_Kosoves.pdf","2026-09-29"
"biodiversity-of-kosovo-overview","tier","national","https://www.ammk-rks.net/assets/cms/uploads/files/Biodiversiteti%20IK/Biodiversiteti_i_Kosoves.pdf","2026-09-29"
"biodiversity-of-kosovo-overview","n2k_question","Approximate species numbers per group, as a baseline against which inventory gaps can be judged","https://www.ammk-rks.net/assets/cms/uploads/files/Biodiversiteti%20IK/Biodiversiteti_i_Kosoves.pdf","2026-09-29"
"euro-med-plantbase","custodian","Euro+Med PlantBase Secretariat","https://doi.org/10.3372/wi.49.49312","2026-09-29"
"euro-med-plantbase","url","https://europlusmed.org/","https://jonasgaigr.github.io/kosovo-biodiversity-data-workshop-2026/sources/euro-med-plantbase.html","2026-09-29"
"euro-med-plantbase","kosovo_coverage","yes","https://doi.org/10.3372/wi.49.49312","2026-09-29"
"euro-med-plantbase","kosovo_codes_seen","Ko (Kosovo) and Se (Serbia) replace Sr (Serbia with Kosovo), from 2019","https://doi.org/10.3372/wi.49.49312","2026-09-29"
"euro-med-plantbase","tier","national","https://doi.org/10.3372/wi.49.49312","2026-09-29"
"euro-med-plantbase","n2k_question","Whether a plant is recorded for Kosovo as an area of its own, to check range statements for Annex II and IV plants","https://doi.org/10.3372/wi.49.49312","2026-09-29"
"fauna-europaea","url","https://www.gbif.org/dataset/90d9e8a6-0ce1-472d-b682-3451095dbc5a","https://api.gbif.org/v1/dataset/90d9e8a6-0ce1-472d-b682-3451095dbc5a","2026-09-29"
"fauna-europaea","doi","10.15468/ymk1bx","https://api.gbif.org/v1/dataset/90d9e8a6-0ce1-472d-b682-3451095dbc5a","2026-09-29"
"fauna-europaea","licence","unspecified (GBIF record)","https://api.gbif.org/v1/dataset/90d9e8a6-0ce1-472d-b682-3451095dbc5a","2026-09-29"
"fauna-europaea","access","open","https://api.gbif.org/v1/dataset/90d9e8a6-0ce1-472d-b682-3451095dbc5a","2026-09-29"
"fauna-europaea","format","Checklist on GBIF","https://api.gbif.org/v1/dataset/90d9e8a6-0ce1-472d-b682-3451095dbc5a","2026-09-29"
"fauna-europaea","access_method","API","https://api.gbif.org/v1/dataset/90d9e8a6-0ce1-472d-b682-3451095dbc5a","2026-09-29"
"fauna-europaea","latest_version","GBIF checklist dated 2016-09-09","https://api.gbif.org/v1/dataset/90d9e8a6-0ce1-472d-b682-3451095dbc5a","2026-09-29"
"european-red-lists","custodian","European Commission DG Environment (dataset owner)","https://www.eea.europa.eu/en/datahub/datahubitem-view/202f3c2e-54a9-4ff4-a1da-ed7ca524f634","2026-09-29"
"european-red-lists","url","https://www.eea.europa.eu/en/datahub/datahubitem-view/202f3c2e-54a9-4ff4-a1da-ed7ca524f634","https://www.eea.europa.eu/en/datahub/datahubitem-view/202f3c2e-54a9-4ff4-a1da-ed7ca524f634","2026-09-29"
"european-red-lists","access","open","https://www.eea.europa.eu/en/datahub/datahubitem-view/202f3c2e-54a9-4ff4-a1da-ed7ca524f634","2026-09-29"
"european-red-lists","format","CSV and Excel","https://www.eea.europa.eu/en/datahub/datahubitem-view/202f3c2e-54a9-4ff4-a1da-ed7ca524f634","2026-09-29"
"european-red-lists","access_method","download","https://www.eea.europa.eu/en/datahub/datahubitem-view/202f3c2e-54a9-4ff4-a1da-ed7ca524f634","2026-09-29"
"european-red-lists","latest_version","Series 2009–2022 (current)","https://www.eea.europa.eu/en/datahub/datahubitem-view/202f3c2e-54a9-4ff4-a1da-ed7ca524f634","2026-09-29"
"european-red-lists","tier","national","https://www.eea.europa.eu/en/datahub/datahubitem-view/202f3c2e-54a9-4ff4-a1da-ed7ca524f634","2026-09-29"
"european-red-lists","n2k_question","European and EU27 status of species in the GBIF extract, beside the global Red List the report already uses","https://www.eea.europa.eu/en/datahub/datahubitem-view/202f3c2e-54a9-4ff4-a1da-ed7ca524f634","2026-09-29"
"eea-ecosystem-types","custodian","European Environment Agency (EEA), with ETC/BD and ETC/ULS","https://sdi.eea.europa.eu/catalogue/srv/api/records/faff2281-1fca-4548-89d8-c8ec0c507bc7","2026-09-29"
"eea-ecosystem-types","url","https://www.eea.europa.eu/en/datahub/datahubitem-view/573ff9d5-6889-407f-b3fc-cfe3f9e23941","https://www.eea.europa.eu/en/datahub/datahubitem-view/573ff9d5-6889-407f-b3fc-cfe3f9e23941","2026-09-29"
"eea-ecosystem-types","doi","none found","https://api.datacite.org/dois?query=faff2281-1fca-4548-89d8-c8ec0c507bc7","2026-09-29"
"eea-ecosystem-types","licence","CC-BY 4.0","https://sdi.eea.europa.eu/catalogue/srv/api/records/faff2281-1fca-4548-89d8-c8ec0c507bc7","2026-09-29"
"eea-ecosystem-types","access","open","https://sdi.eea.europa.eu/catalogue/srv/api/records/faff2281-1fca-4548-89d8-c8ec0c507bc7","2026-09-29"
"eea-ecosystem-types","format","GeoTIFF (tiled, LZW) with attribute table","https://jonasgaigr.github.io/kosovo-biodiversity-data-workshop-2026/sources/eea-ecosystem-types.html","2026-09-29"
"eea-ecosystem-types","access_method","download; WMS; ArcGIS REST","https://sdi.eea.europa.eu/catalogue/srv/api/records/faff2281-1fca-4548-89d8-c8ec0c507bc7","2026-09-29"
"eea-ecosystem-types","spatial_resolution","100 m","https://sdi.eea.europa.eu/catalogue/srv/api/records/faff2281-1fca-4548-89d8-c8ec0c507bc7","2026-09-29"
"eea-ecosystem-types","temporal_coverage","2012","https://sdi.eea.europa.eu/catalogue/srv/api/records/faff2281-1fca-4548-89d8-c8ec0c507bc7","2026-09-29"
"eea-ecosystem-types","latest_version","Version 3.1 (v3 revision 1), February 2019; metadata revised 2025-10-09","https://sdi.eea.europa.eu/catalogue/srv/api/records/faff2281-1fca-4548-89d8-c8ec0c507bc7","2026-09-29"
"eea-ecosystem-types","kosovo_coverage","yes","https://jonasgaigr.github.io/kosovo-biodiversity-data-workshop-2026/sources/eea-ecosystem-types.html","2026-09-29"
"eea-ecosystem-types","kosovo_codes_seen","not applicable (raster; no country attribute)","https://jonasgaigr.github.io/kosovo-biodiversity-data-workshop-2026/sources/eea-ecosystem-types.html","2026-09-29"
"eea-ecosystem-types","tier","national","https://sdi.eea.europa.eu/catalogue/srv/api/records/faff2281-1fca-4548-89d8-c8ec0c507bc7","2026-09-29"
"eea-ecosystem-types","n2k_question","Where EUNIS level-2 habitat groups lie in Kosovo and how much of each there is","https://jonasgaigr.github.io/kosovo-biodiversity-data-workshop-2026/sources/eea-ecosystem-types.html","2026-09-29"
"eea-ecosystem-types","effort","low","https://jonasgaigr.github.io/kosovo-biodiversity-data-workshop-2026/sources/eea-ecosystem-types.html","2026-09-29"
"eea-ecosystem-types","sensitivity","None: habitat classes, no species locations","https://sdi.eea.europa.eu/catalogue/srv/api/records/faff2281-1fca-4548-89d8-c8ec0c507bc7","2026-09-29"
"eunis-habitat-maps","custodian","Si-Moussi, Hennekens, Mücher, Thuiller and co-authors (Zenodo record)","https://zenodo.org/records/16985100","2026-09-29"
"eunis-habitat-maps","url","https://zenodo.org/records/16985100","https://www.nature.com/articles/s41597-025-06235-7","2026-09-29"
"eunis-habitat-maps","doi","10.5281/zenodo.16985100","https://www.nature.com/articles/s41597-025-06235-7","2026-09-29"
"eunis-habitat-maps","licence","CC-BY 4.0","https://www.nature.com/articles/s41597-025-06235-7","2026-09-29"
"eunis-habitat-maps","access","open","https://zenodo.org/records/16985100","2026-09-29"
"eunis-habitat-maps","format","GeoTIFF in zip archives, CSV legend, QGIS style","https://zenodo.org/records/16985100","2026-09-29"
"eunis-habitat-maps","access_method","download","https://zenodo.org/records/16985100","2026-09-29"
"eunis-habitat-maps","spatial_resolution","100 m; EUNIS level 3","https://www.nature.com/articles/s41597-025-06235-7","2026-09-29"
"eunis-habitat-maps","temporal_coverage","Training plots 1990–2021; land-cover filter CLC 2018","https://www.nature.com/articles/s41597-025-06235-7","2026-09-29"
"eunis-habitat-maps","latest_version","Zenodo record 2025-08-28 (README v1.0); data paper 11 December 2025","https://www.nature.com/articles/s41597-025-06235-7","2026-09-29"
"eunis-habitat-maps","kosovo_coverage","yes","https://jonasgaigr.github.io/kosovo-biodiversity-data-workshop-2026/sources/eunis-habitat-maps.html","2026-09-29"
"eunis-habitat-maps","kosovo_codes_seen","not applicable (raster; Kosovo named in the EEA39 study area)","https://www.nature.com/articles/s41597-025-06235-7","2026-09-29"
"eunis-habitat-maps","tier","national","https://www.nature.com/articles/s41597-025-06235-7","2026-09-29"
"eunis-habitat-maps","n2k_question","Which EUNIS level-3 habitats, and by indicative crosswalk which Annex I types, the model predicts in Kosovo","https://jonasgaigr.github.io/kosovo-biodiversity-data-workshop-2026/sources/eunis-habitat-maps.html","2026-09-29"
"eunis-habitat-maps","effort","medium","https://jonasgaigr.github.io/kosovo-biodiversity-data-workshop-2026/sources/eunis-habitat-maps.html","2026-09-29"
"eunis-habitat-maps","sensitivity","None: modelled habitat classes, no species locations","https://www.nature.com/articles/s41597-025-06235-7","2026-09-29"
"kosovo-nfi-2012","url","https://nfg.no/wp-content/uploads/2024/06/Kosovo-National-Forest-Inventory-2012-abstract.pdf","https://nfg.no/wp-content/uploads/2024/06/Kosovo-National-Forest-Inventory-2012-abstract.pdf","2026-09-29"
"kosovo-nfi-2012","format","4-page abstract (PDF); no plot data published","https://nfg.no/wp-content/uploads/2024/06/Kosovo-National-Forest-Inventory-2012-abstract.pdf","2026-09-29"
"kosovo-nfi-2012","access_method","PDF","https://nfg.no/wp-content/uploads/2024/06/Kosovo-National-Forest-Inventory-2012-abstract.pdf","2026-09-29"
"kosovo-nfi-2012","spatial_resolution","3,453 permanent sample plots across Kosovo; 1,860 forest plots measured","https://nfg.no/wp-content/uploads/2024/06/Kosovo-National-Forest-Inventory-2012-abstract.pdf","2026-09-29"
"kosovo-nfi-2012","temporal_coverage","Fieldwork 2012 (six months); first inventory 2003","https://nfg.no/wp-content/uploads/2024/06/Kosovo-National-Forest-Inventory-2012-abstract.pdf","2026-09-29"
"kosovo-nfi-2012","latest_version","Second NFI, 2012 (abstract PDF created January 2019)","https://nfg.no/wp-content/uploads/2024/06/Kosovo-National-Forest-Inventory-2012-abstract.pdf","2026-09-29"
"kosovo-nfi-2012","kosovo_coverage","yes","https://nfg.no/wp-content/uploads/2024/06/Kosovo-National-Forest-Inventory-2012-abstract.pdf","2026-09-29"
"kosovo-nfi-2012","kosovo_codes_seen","not applicable (national inventory)","https://nfg.no/wp-content/uploads/2024/06/Kosovo-National-Forest-Inventory-2012-abstract.pdf","2026-09-29"
"kosovo-nfi-2012","tier","national","https://nfg.no/wp-content/uploads/2024/06/Kosovo-National-Forest-Inventory-2012-abstract.pdf","2026-09-29"
"kosovo-nfi-2012","n2k_question","Forest area, composition and condition from permanent plots, as a baseline for forest habitat types","https://nfg.no/wp-content/uploads/2024/06/Kosovo-National-Forest-Inventory-2012-abstract.pdf","2026-09-29"
"fise-kosovo","custodian","European Environment Agency (Forest Information System for Europe)","https://forest.eea.europa.eu/countries/cooperating-countries/kosovo","2026-09-29"
"fise-kosovo","url","https://forest.eea.europa.eu/countries/cooperating-countries/kosovo","https://forest.eea.europa.eu/countries/cooperating-countries/kosovo","2026-09-29"
"fise-kosovo","access","open","https://forest.eea.europa.eu/countries/cooperating-countries/kosovo","2026-09-29"
"fise-kosovo","format","Web page (country profile)","https://forest.eea.europa.eu/countries/cooperating-countries/kosovo","2026-09-29"
"fise-kosovo","temporal_coverage","Indicators for 2015 and 2020","https://forest.eea.europa.eu/countries/cooperating-countries/kosovo","2026-09-29"
"fise-kosovo","kosovo_coverage","yes","https://forest.eea.europa.eu/countries/cooperating-countries/kosovo","2026-09-29"
"fise-kosovo","tier","national","https://forest.eea.europa.eu/countries/cooperating-countries/kosovo","2026-09-29"
"fise-kosovo","n2k_question","National forest statistics as reported to FAO and FOREST EUROPE, to set against the NFI","https://forest.eea.europa.eu/countries/cooperating-countries/kosovo","2026-09-29"
"copernicus-land","custodian","Copernicus Land Monitoring Service (EEA)","https://land.copernicus.eu/en/products/riparian-zones","2026-09-29"
"copernicus-land","url","https://land.copernicus.eu/en/products/corine-land-cover/clc2018","https://jonasgaigr.github.io/kosovo-biodiversity-data-workshop-2026/sources/copernicus-land.html","2026-09-29"
"copernicus-land","kosovo_coverage","yes","https://jonasgaigr.github.io/kosovo-biodiversity-data-workshop-2026/sources/copernicus-land.html","2026-09-29"
"copernicus-land","tier","national","https://jonasgaigr.github.io/kosovo-biodiversity-data-workshop-2026/sources/copernicus-land.html","2026-09-29"
"copernicus-land","n2k_question","Natural and semi-natural land cover that may hold Annex I habitats; already used in the report's habitat screen","https://jonasgaigr.github.io/kosovo-biodiversity-data-workshop-2026/sources/copernicus-land.html","2026-09-29"
"emerald-network","custodian","Council of Europe (Bern Convention); data processed and published by the EEA","https://sdi.eea.europa.eu/catalogue/srv/api/records/a2a18206-633a-4166-8850-0552661ef25f","2026-09-29"
"emerald-network","url","https://www.eea.europa.eu/en/datahub/datahubitem-view/4c4c8086-c940-400b-9064-29063143b2de","https://www.eea.europa.eu/en/datahub/datahubitem-view/4c4c8086-c940-400b-9064-29063143b2de","2026-09-29"
"emerald-network","doi","10.2909/a2a18206-633a-4166-8850-0552661ef25f","https://www.eea.europa.eu/en/datahub/datahubitem-view/4c4c8086-c940-400b-9064-29063143b2de","2026-09-29"
"emerald-network","licence","CC-BY 4.0","https://sdi.eea.europa.eu/catalogue/srv/api/records/a2a18206-633a-4166-8850-0552661ef25f","2026-09-29"
"emerald-network","access","open","https://sdi.eea.europa.eu/catalogue/srv/api/records/a2a18206-633a-4166-8850-0552661ef25f","2026-09-29"
"emerald-network","format","GeoPackage, Shapefile; tables in MS Access and CSV","https://www.eea.europa.eu/en/datahub/datahubitem-view/4c4c8086-c940-400b-9064-29063143b2de","2026-09-29"
"emerald-network","access_method","download; WMS; ArcGIS REST","https://sdi.eea.europa.eu/catalogue/srv/api/records/a2a18206-633a-4166-8850-0552661ef25f","2026-09-29"
"emerald-network","spatial_resolution","1:100,000","https://sdi.eea.europa.eu/catalogue/srv/api/records/a2a18206-633a-4166-8850-0552661ef25f","2026-09-29"
"emerald-network","temporal_coverage","Submissions 2024-03-01 to 2025-12-31","https://sdi.eea.europa.eu/catalogue/srv/api/records/a2a18206-633a-4166-8850-0552661ef25f","2026-09-29"
"emerald-network","latest_version","Version 2025, published 2026-05-19","https://sdi.eea.europa.eu/catalogue/srv/api/records/a2a18206-633a-4166-8850-0552661ef25f","2026-09-29"
"emerald-network","kosovo_coverage","partial","https://jonasgaigr.github.io/kosovo-biodiversity-data-workshop-2026/sources/emerald-network.html","2026-09-29"
"emerald-network","kosovo_codes_seen","RS: Serbian candidate sites extend into Kosovo; no Kosovo-coded site","https://jonasgaigr.github.io/kosovo-biodiversity-data-workshop-2026/sources/emerald-network.html","2026-09-29"
"emerald-network","tier","site","https://sdi.eea.europa.eu/catalogue/srv/api/records/a2a18206-633a-4166-8850-0552661ef25f","2026-09-29"
"emerald-network","n2k_question","Which candidate Emerald sites the neighbours proposed on and across Kosovo's border, and how much of them lies inside Kosovo","https://jonasgaigr.github.io/kosovo-biodiversity-data-workshop-2026/sources/emerald-network.html","2026-09-29"
"emerald-network","effort","low","https://jonasgaigr.github.io/kosovo-biodiversity-data-workshop-2026/sources/emerald-network.html","2026-09-29"
"emerald-network","sensitivity","None: site boundaries and attributes, no species locations","https://bio.discomap.eea.europa.eu/arcgis/rest/services/ProtectedSites/EmeraldSites/MapServer/0?f=json","2026-09-29"
"mustafa-2009-potential-n2k","kosovo_coverage","yes","https://kryeministri.rks-gov.net/wp-content/uploads/2022/08/Eng-SAPB-2016-2020.pdf","2026-09-29"
"mustafa-2009-potential-n2k","tier","national","https://kryeministri.rks-gov.net/wp-content/uploads/2022/08/Eng-SAPB-2016-2020.pdf","2026-09-29"
"mustafa-2009-potential-n2k","n2k_question","Which areas were first proposed as potential Natura 2000 sites, as a starting point to re-test against current data","https://kryeministri.rks-gov.net/wp-content/uploads/2022/08/Eng-SAPB-2016-2020.pdf","2026-09-29"
"nbsap-2016-2020","custodian","Ministry of Environment and Spatial Planning (MESP)","https://kryeministri.rks-gov.net/wp-content/uploads/2022/08/Eng-SAPB-2016-2020.pdf","2026-09-29"
"nbsap-2016-2020","url","https://kryeministri.rks-gov.net/wp-content/uploads/2022/08/Eng-SAPB-2016-2020.pdf","https://kryeministri.rks-gov.net/wp-content/uploads/2022/08/Eng-SAPB-2016-2020.pdf","2026-09-29"
"nbsap-2016-2020","access","open","https://kryeministri.rks-gov.net/wp-content/uploads/2022/08/Eng-SAPB-2016-2020.pdf","2026-09-29"
"nbsap-2016-2020","format","PDF, 78 pages, English","https://kryeministri.rks-gov.net/wp-content/uploads/2022/08/Eng-SAPB-2016-2020.pdf","2026-09-29"
"nbsap-2016-2020","access_method","PDF","https://kryeministri.rks-gov.net/wp-content/uploads/2022/08/Eng-SAPB-2016-2020.pdf","2026-09-29"
"nbsap-2016-2020","temporal_coverage","Action plan 2016–2020 under the strategy 2011–2020","https://kryeministri.rks-gov.net/wp-content/uploads/2022/08/Eng-SAPB-2016-2020.pdf","2026-09-29"
"nbsap-2016-2020","latest_version","Action Plan 2016–2020 (PDF dated June 2018)","https://kryeministri.rks-gov.net/wp-content/uploads/2022/08/Eng-SAPB-2016-2020.pdf","2026-09-29"
"nbsap-2016-2020","kosovo_coverage","yes","https://kryeministri.rks-gov.net/wp-content/uploads/2022/08/Eng-SAPB-2016-2020.pdf","2026-09-29"
"nbsap-2016-2020","kosovo_codes_seen","not applicable (national strategy)","https://kryeministri.rks-gov.net/wp-content/uploads/2022/08/Eng-SAPB-2016-2020.pdf","2026-09-29"
"nbsap-2016-2020","tier","national","https://kryeministri.rks-gov.net/wp-content/uploads/2022/08/Eng-SAPB-2016-2020.pdf","2026-09-29"
"nbsap-2016-2020","n2k_question","What the state committed to on Natura 2000 preparation, and which gaps it recorded itself","https://kryeministri.rks-gov.net/wp-content/uploads/2022/08/Eng-SAPB-2016-2020.pdf","2026-09-29"
"iba-kba","custodian","BirdLife International (IBAs); KBA Partnership (World Database of KBAs)","https://datazone.birdlife.org/site/factsheet/3126-sara-mountain","2026-09-29"
"iba-kba","url","https://datazone.birdlife.org/site/factsheet/3126-sara-mountain","https://datazone.birdlife.org/site/factsheet/3126-sara-mountain","2026-09-29"
"iba-kba","access","on request","https://www.keybiodiversityareas.org/request-gis-data","2026-09-29"
"iba-kba","kosovo_coverage","partial","https://jonasgaigr.github.io/kosovo-biodiversity-data-workshop-2026/sources/iba-kba.html","2026-09-29"
"iba-kba","kosovo_codes_seen","RS: sites held in BirdLife's Serbia inventory (codes RS022–RS024, RS062); no Kosovo country record","https://bli-prod-fd-dz-eu-bgf5eqfcf2bmgtdn.a02.azurefd.net/country/271/sites?pageSize=500","2026-09-29"
"iba-kba","tier","national","https://jonasgaigr.github.io/kosovo-biodiversity-data-workshop-2026/sources/iba-kba.html","2026-09-29"
"iba-kba","n2k_question","Which IBAs and KBAs an SPA and SCI proposal should start from, and how much of each lies in Kosovo","https://jonasgaigr.github.io/kosovo-biodiversity-data-workshop-2026/sources/iba-kba.html","2026-09-29"
"iba-kba","effort","low","https://jonasgaigr.github.io/kosovo-biodiversity-data-workshop-2026/sources/iba-kba.html","2026-09-29"
"important-plant-areas","custodian","Plantlife (Global IPA Database)","https://www.plantlifeipa.org/home","2026-09-29"
"important-plant-areas","url","https://www.plantlifeipa.org/home","https://www.plantlifeipa.org/home","2026-09-29"
"eea-biogeographical-regions","custodian","European Environment Agency (EEA)","https://sdi.eea.europa.eu/catalogue/srv/api/records/c6d27566-e699-4d58-a132-bbe3fe01491b","2026-09-29"
"eea-biogeographical-regions","url","https://sdi.eea.europa.eu/catalogue/srv/api/records/c6d27566-e699-4d58-a132-bbe3fe01491b","https://sdi.eea.europa.eu/catalogue/srv/api/records/c6d27566-e699-4d58-a132-bbe3fe01491b","2026-09-29"
"eea-biogeographical-regions","doi","none found","https://api.datacite.org/dois?query=c6d27566-e699-4d58-a132-bbe3fe01491b","2026-09-29"
"eea-biogeographical-regions","licence","CC-BY 4.0","https://sdi.eea.europa.eu/catalogue/srv/api/records/c6d27566-e699-4d58-a132-bbe3fe01491b","2026-09-29"
"eea-biogeographical-regions","access","open","https://sdi.eea.europa.eu/catalogue/srv/api/records/c6d27566-e699-4d58-a132-bbe3fe01491b","2026-09-29"
"eea-biogeographical-regions","format","Shapefile, SpatiaLite","https://sdi.eea.europa.eu/catalogue/srv/api/records/c6d27566-e699-4d58-a132-bbe3fe01491b","2026-09-29"
"eea-biogeographical-regions","access_method","download; WMS; ArcGIS REST","https://sdi.eea.europa.eu/catalogue/srv/api/records/c6d27566-e699-4d58-a132-bbe3fe01491b","2026-09-29"
"eea-biogeographical-regions","spatial_resolution","1:1,000,000 to 1:10,000,000","https://sdi.eea.europa.eu/catalogue/srv/api/records/c6d27566-e699-4d58-a132-bbe3fe01491b","2026-09-29"
"eea-biogeographical-regions","temporal_coverage","not applicable (a delineation; 2016 edition)","https://sdi.eea.europa.eu/catalogue/srv/api/records/c6d27566-e699-4d58-a132-bbe3fe01491b","2026-09-29"
"eea-biogeographical-regions","latest_version","Europe 2016, version 1 (edition 01.00, 26 January 2016)","https://sdi.eea.europa.eu/catalogue/srv/api/records/c6d27566-e699-4d58-a132-bbe3fe01491b","2026-09-29"
"eea-biogeographical-regions","kosovo_coverage","yes","https://jonasgaigr.github.io/kosovo-biodiversity-data-workshop-2026/sources/eea-biogeographical-regions.html","2026-09-29"
"eea-biogeographical-regions","kosovo_codes_seen","not applicable (regions carry no country attribute)","https://jonasgaigr.github.io/kosovo-biodiversity-data-workshop-2026/sources/eea-biogeographical-regions.html","2026-09-29"
"eea-biogeographical-regions","tier","national","https://sdi.eea.europa.eu/catalogue/srv/api/records/c6d27566-e699-4d58-a132-bbe3fe01491b","2026-09-29"
"eea-biogeographical-regions","n2k_question","Which biogeographical regions Kosovo's sites and features would be assessed in","https://jonasgaigr.github.io/kosovo-biodiversity-data-workshop-2026/sources/eea-biogeographical-regions.html","2026-09-29"
"eea-biogeographical-regions","effort","low","https://jonasgaigr.github.io/kosovo-biodiversity-data-workshop-2026/sources/eea-biogeographical-regions.html","2026-09-29"
"eea-biogeographical-regions","sensitivity","None","https://sdi.eea.europa.eu/catalogue/srv/api/records/c6d27566-e699-4d58-a132-bbe3fe01491b","2026-09-29"
"ec-kosovo-report-2025","custodian","European Commission (DG Enlargement)","https://enlargement.ec.europa.eu/kosovo-report-2025_en","2026-09-29"
"ec-kosovo-report-2025","url","https://enlargement.ec.europa.eu/kosovo-report-2025_en","https://enlargement.ec.europa.eu/kosovo-report-2025_en","2026-09-29"
"ec-kosovo-report-2025","access","open","https://enlargement.ec.europa.eu/kosovo-report-2025_en","2026-09-29"
"ec-kosovo-report-2025","format","PDF","https://enlargement.ec.europa.eu/document/download/127563ea-4c03-44a4-b56c-2d569afd86a5_en?filename=kosovo-report-2025.pdf","2026-09-29"
"ec-kosovo-report-2025","access_method","PDF","https://enlargement.ec.europa.eu/kosovo-report-2025_en","2026-09-29"
"ec-kosovo-report-2025","latest_version","Kosovo Report 2025, published 4 November 2025","https://enlargement.ec.europa.eu/kosovo-report-2025_en","2026-09-29"
"ec-kosovo-report-2025","kosovo_coverage","yes","https://enlargement.ec.europa.eu/document/download/127563ea-4c03-44a4-b56c-2d569afd86a5_en?filename=kosovo-report-2025.pdf","2026-09-29"
"ec-kosovo-report-2025","kosovo_codes_seen","not applicable (report)","https://enlargement.ec.europa.eu/document/download/127563ea-4c03-44a4-b56c-2d569afd86a5_en?filename=kosovo-report-2025.pdf","2026-09-29"
"ec-kosovo-report-2025","tier","national","https://enlargement.ec.europa.eu/document/download/127563ea-4c03-44a4-b56c-2d569afd86a5_en?filename=kosovo-report-2025.pdf","2026-09-29"
"ec-kosovo-report-2025","n2k_question","How the Commission rates Kosovo's progress on nature protection and Natura 2000 identification","https://enlargement.ec.europa.eu/document/download/127563ea-4c03-44a4-b56c-2d569afd86a5_en?filename=kosovo-report-2025.pdf","2026-09-29"
"art17-2013-2018","custodian","European Environment Agency (EEA) and European Commission DG Environment","https://sdi.eea.europa.eu/catalogue/srv/api/records/9f71b3e3-f8ec-442b-a2d5-c3c190605ac4","2026-09-29"
"art17-2013-2018","url","https://www.eea.europa.eu/en/datahub/datahubitem-view/d8b47719-9213-485a-845b-db1bfe93598d","https://www.eea.europa.eu/en/datahub/datahubitem-view/d8b47719-9213-485a-845b-db1bfe93598d","2026-09-29"
"art17-2013-2018","doi","none found","https://api.datacite.org/dois?query=9f71b3e3-f8ec-442b-a2d5-c3c190605ac4","2026-09-29"
"art17-2013-2018","licence","CC-BY 4.0","https://sdi.eea.europa.eu/catalogue/srv/api/records/9f71b3e3-f8ec-442b-a2d5-c3c190605ac4","2026-09-29"
"art17-2013-2018","access","open","https://sdi.eea.europa.eu/data/9f71b3e3-f8ec-442b-a2d5-c3c190605ac4","2026-09-29"
"art17-2013-2018","format","GeoPackage, File Geodatabase; tables in CSV and MS Access","https://www.eea.europa.eu/en/datahub/datahubitem-view/d8b47719-9213-485a-845b-db1bfe93598d","2026-09-29"
"art17-2013-2018","access_method","download; WMS; ArcGIS REST","https://www.eea.europa.eu/en/datahub/datahubitem-view/d8b47719-9213-485a-845b-db1bfe93598d","2026-09-29"
"art17-2013-2018","spatial_resolution","10 km grid (ETRS89-LAEA, EPSG:3035)","https://sdi.eea.europa.eu/catalogue/srv/api/records/9f71b3e3-f8ec-442b-a2d5-c3c190605ac4","2026-09-29"
"art17-2013-2018","temporal_coverage","2013–2018","https://sdi.eea.europa.eu/catalogue/srv/api/records/9f71b3e3-f8ec-442b-a2d5-c3c190605ac4","2026-09-29"
"art17-2013-2018","latest_version","Public version, August 2020 (published 2020-08-27; metadata revised 2025-10-09)","https://sdi.eea.europa.eu/catalogue/srv/api/records/9f71b3e3-f8ec-442b-a2d5-c3c190605ac4","2026-09-29"
"art17-2013-2018","kosovo_coverage","no","https://sdi.eea.europa.eu/catalogue/srv/api/records/9f71b3e3-f8ec-442b-a2d5-c3c190605ac4","2026-09-29"
"art17-2013-2018","kosovo_codes_seen","none; the only reporting country within 100 km is BG","https://jonasgaigr.github.io/kosovo-biodiversity-data-workshop-2026/sources/art17-2013-2018.html","2026-09-29"
"art17-2013-2018","tier","national","https://sdi.eea.europa.eu/catalogue/srv/api/records/9f71b3e3-f8ec-442b-a2d5-c3c190605ac4","2026-09-29"
"art17-2013-2018","n2k_question","Which Annex I habitats and Annex II species the neighbouring EU countries report within 50 and 100 km of Kosovo","https://jonasgaigr.github.io/kosovo-biodiversity-data-workshop-2026/sources/art17-2013-2018.html","2026-09-29"
"art17-2013-2018","effort","low","https://sdi.eea.europa.eu/data/9f71b3e3-f8ec-442b-a2d5-c3c190605ac4","2026-09-29"
"art17-2013-2018","sensitivity","Public version excludes sensitive species","https://sdi.eea.europa.eu/data/9f71b3e3-f8ec-442b-a2d5-c3c190605ac4","2026-09-29"
"art12-birds","custodian","European Environment Agency (EEA) and European Commission DG Environment","https://sdi.eea.europa.eu/catalogue/srv/api/records/e2face16-f352-4aff-9e4f-0ad1306f89b5","2026-09-29"
"art12-birds","url","https://www.eea.europa.eu/en/datahub/datahubitem-view/96e1b9b1-ee94-4547-ad61-8059df7240bf","https://www.eea.europa.eu/en/datahub/datahubitem-view/96e1b9b1-ee94-4547-ad61-8059df7240bf","2026-09-29"
"art12-birds","doi","none found","https://api.datacite.org/dois?query=e2face16-f352-4aff-9e4f-0ad1306f89b5","2026-09-29"
"art12-birds","licence","CC-BY 4.0","https://sdi.eea.europa.eu/catalogue/srv/api/records/e2face16-f352-4aff-9e4f-0ad1306f89b5","2026-09-29"
"art12-birds","access","open","https://sdi.eea.europa.eu/catalogue/srv/api/records/e2face16-f352-4aff-9e4f-0ad1306f89b5","2026-09-29"
"art12-birds","format","GeoPackage, File Geodatabase; tables in CSV and MS Access","https://www.eea.europa.eu/en/datahub/datahubitem-view/96e1b9b1-ee94-4547-ad61-8059df7240bf","2026-09-29"
"art12-birds","access_method","download; WMS; ArcGIS REST","https://www.eea.europa.eu/en/datahub/datahubitem-view/96e1b9b1-ee94-4547-ad61-8059df7240bf","2026-09-29"
"art12-birds","spatial_resolution","10 km grid (ETRS89-LAEA, EPSG:3035)","https://sdi.eea.europa.eu/catalogue/srv/api/records/e2face16-f352-4aff-9e4f-0ad1306f89b5","2026-09-29"
"art12-birds","temporal_coverage","2013–2018","https://sdi.eea.europa.eu/catalogue/srv/api/records/e2face16-f352-4aff-9e4f-0ad1306f89b5","2026-09-29"
"art12-birds","latest_version","Public version, April 2021 (edition 01.01; published 2022-03-01; metadata revised 2025-10-09)","https://sdi.eea.europa.eu/catalogue/srv/api/records/e2face16-f352-4aff-9e4f-0ad1306f89b5","2026-09-29"
"art12-birds","kosovo_coverage","no","https://sdi.eea.europa.eu/catalogue/srv/api/records/e2face16-f352-4aff-9e4f-0ad1306f89b5","2026-09-29"
"art12-birds","kosovo_codes_seen","none; the only reporting country within 100 km is BG","https://jonasgaigr.github.io/kosovo-biodiversity-data-workshop-2026/sources/art12-birds.html","2026-09-29"
"art12-birds","tier","national","https://sdi.eea.europa.eu/catalogue/srv/api/records/e2face16-f352-4aff-9e4f-0ad1306f89b5","2026-09-29"
"art12-birds","n2k_question","Which breeding and wintering birds, Annex I species among them, the nearest EU countries report within 50 and 100 km of Kosovo","https://jonasgaigr.github.io/kosovo-biodiversity-data-workshop-2026/sources/art12-birds.html","2026-09-29"
"art12-birds","effort","low","https://sdi.eea.europa.eu/data/e2face16-f352-4aff-9e4f-0ad1306f89b5","2026-09-29"
"art12-birds","sensitivity","Public version excludes sensitive species","https://sdi.eea.europa.eu/data/e2face16-f352-4aff-9e4f-0ad1306f89b5","2026-09-29"
"serbia-eu-for-natura2000","custodian","Ministry of Environmental Protection of Serbia, with the Institute for Nature Conservation of Serbia","https://natura2000.gov.rs/en/natura-2000-in-serbia-achievements-and-next-steps/","2026-09-29"
"serbia-eu-for-natura2000","url","https://natura2000.gov.rs/en/natura-2000-in-serbia-achievements-and-next-steps/","https://natura2000.gov.rs/en/natura-2000-in-serbia-achievements-and-next-steps/","2026-09-29"
"serbia-eu-for-natura2000","access","none","https://natura-2000.euzatebe.rs/en/downloads","2026-09-29"
"serbia-eu-for-natura2000","format","Web pages and PDF newsletters; no site data","https://natura-2000.euzatebe.rs/en/downloads","2026-09-29"
"serbia-eu-for-natura2000","latest_version","Results presented November 2021 (project ended 30 November 2021)","https://natura2000.gov.rs/en/natura-2000-in-serbia-achievements-and-next-steps/","2026-09-29"
"serbia-eu-for-natura2000","n2k_question","Which of Serbia's 277 pSCIs and 85 SPAs adjoin Kosovo, for transboundary site design","https://natura2000.gov.rs/en/natura-2000-in-serbia-achievements-and-next-steps/","2026-09-29"
"montenegro-n2k","custodian","Environmental Protection Agency of Montenegro (EPA)","https://epa.org.me/2026/03/25/natura-2000-kao-kljucni-korak-ka-eu-odrzani-ekspertski-sastanci/","2026-09-29"
"montenegro-n2k","url","https://epa.org.me/2026/03/25/natura-2000-kao-kljucni-korak-ka-eu-odrzani-ekspertski-sastanci/","https://epa.org.me/2026/03/25/natura-2000-kao-kljucni-korak-ka-eu-odrzani-ekspertski-sastanci/","2026-09-29"
"montenegro-n2k","latest_version","First draft Natura 2000 proposal being finalised, March 2026","https://epa.org.me/2026/03/25/natura-2000-kao-kljucni-korak-ka-eu-odrzani-ekspertski-sastanci/","2026-09-29"
"montenegro-n2k","kosovo_coverage","no","https://epa.org.me/2026/03/25/natura-2000-kao-kljucni-korak-ka-eu-odrzani-ekspertski-sastanci/","2026-09-29"
"montenegro-n2k","n2k_question","Species and habitat context for the mountains Kosovo shares with Montenegro (Prokletije, Hajla)","https://epa.org.me/2026/03/25/natura-2000-kao-kljucni-korak-ka-eu-odrzani-ekspertski-sastanci/","2026-09-29"
"albania-natural","custodian","Bego et al. (ZooKeys 2018), for the NaturAL project","https://pmc.ncbi.nlm.nih.gov/articles/PMC5904422/","2026-09-29"
"albania-natural","url","https://doi.org/10.3897/zookeys.742.22364","https://pmc.ncbi.nlm.nih.gov/articles/PMC5904422/","2026-09-29"
"albania-natural","doi","10.3897/zookeys.742.22364","https://pmc.ncbi.nlm.nih.gov/articles/PMC5904422/","2026-09-29"
"albania-natural","licence","CC BY 4.0","https://pmc.ncbi.nlm.nih.gov/articles/PMC5904422/","2026-09-29"
"albania-natural","access","open","https://pmc.ncbi.nlm.nih.gov/articles/PMC5904422/","2026-09-29"
"albania-natural","format","Journal article","https://pmc.ncbi.nlm.nih.gov/articles/PMC5904422/","2026-09-29"
"albania-natural","access_method","PDF","https://pmc.ncbi.nlm.nih.gov/articles/PMC5904422/","2026-09-29"
"albania-natural","temporal_coverage","Field campaigns summer and autumn 2016 and 2017","https://pmc.ncbi.nlm.nih.gov/articles/PMC5904422/","2026-09-29"
"albania-natural","kosovo_coverage","no","https://pmc.ncbi.nlm.nih.gov/articles/PMC5904422/","2026-09-29"
"albania-natural","n2k_question","Small-mammal records from the Albanian side of Korab-Koritnik, Has and the Albanian Alps, as transboundary context","https://pmc.ncbi.nlm.nih.gov/articles/PMC5904422/","2026-09-29"
"neighbour-emerald-sufficiency","custodian","Council of Europe (Bern Convention Standing Committee)","https://sdi.eea.europa.eu/catalogue/srv/api/records/a2a18206-633a-4166-8850-0552661ef25f","2026-09-29"
"neighbour-emerald-sufficiency","kosovo_coverage","no","https://jonasgaigr.github.io/kosovo-biodiversity-data-workshop-2026/sources/neighbour-emerald-sufficiency.html","2026-09-29"
"neighbour-emerald-sufficiency","n2k_question","How far the neighbours' Emerald lists fall short, and which of their sites border Kosovo","https://jonasgaigr.github.io/kosovo-biodiversity-data-workshop-2026/sources/neighbour-emerald-sufficiency.html","2026-09-29"
"copernicus-dem","custodian","Copernicus Programme (source COP-DEM GLO-90-DGED); AWS open-data copy","https://copernicus-dem-90m.s3.amazonaws.com/readme.html","2026-09-29"
"copernicus-dem","url","https://copernicus-dem-90m.s3.amazonaws.com/readme.html","https://copernicus-dem-90m.s3.amazonaws.com/readme.html","2026-09-29"
"copernicus-dem","licence","Free for the general public under the Copernicus DEM licence linked from the readme","https://copernicus-dem-90m.s3.amazonaws.com/readme.html","2026-09-29"
"copernicus-dem","access","open","https://jonasgaigr.github.io/kosovo-biodiversity-data-workshop-2026/sources/copernicus-dem.html","2026-09-29"
"copernicus-dem","format","Cloud-optimised GeoTIFF, 1° tiles (digital surface model)","https://copernicus-dem-90m.s3.amazonaws.com/readme.html","2026-09-29"
"copernicus-dem","access_method","download","https://jonasgaigr.github.io/kosovo-biodiversity-data-workshop-2026/sources/copernicus-dem.html","2026-09-29"
"copernicus-dem","spatial_resolution","3 arc-seconds (about 90 m), GLO-90","https://jonasgaigr.github.io/kosovo-biodiversity-data-workshop-2026/sources/copernicus-dem.html","2026-09-29"
"copernicus-dem","kosovo_coverage","yes","https://jonasgaigr.github.io/kosovo-biodiversity-data-workshop-2026/sources/copernicus-dem.html","2026-09-29"
"copernicus-dem","kosovo_codes_seen","not applicable (raster)","https://jonasgaigr.github.io/kosovo-biodiversity-data-workshop-2026/sources/copernicus-dem.html","2026-09-29"
"copernicus-dem","tier","national","https://jonasgaigr.github.io/kosovo-biodiversity-data-workshop-2026/sources/copernicus-dem.html","2026-09-29"
"copernicus-dem","n2k_question","Elevation and relief, for altitude belts, watersheds and boundary drawing","https://jonasgaigr.github.io/kosovo-biodiversity-data-workshop-2026/sources/copernicus-dem.html","2026-09-29"
"copernicus-dem","effort","low","https://jonasgaigr.github.io/kosovo-biodiversity-data-workshop-2026/sources/copernicus-dem.html","2026-09-29"
"copernicus-dem","sensitivity","None","https://jonasgaigr.github.io/kosovo-biodiversity-data-workshop-2026/sources/copernicus-dem.html","2026-09-29"
"chelsa","url","https://os.zhdk.cloud.switch.ch/chelsav2/GLOBAL/climatologies/1981-2010/bio/CHELSA_bio1_1981-2010_V.2.1.tif","https://os.zhdk.cloud.switch.ch/chelsav2/GLOBAL/climatologies/1981-2010/bio/CHELSA_bio1_1981-2010_V.2.1.tif","2026-09-29"
"chelsa","access","open","https://jonasgaigr.github.io/kosovo-biodiversity-data-workshop-2026/sources/chelsa.html","2026-09-29"
"chelsa","format","GeoTIFF","https://jonasgaigr.github.io/kosovo-biodiversity-data-workshop-2026/sources/chelsa.html","2026-09-29"
"chelsa","access_method","download","https://jonasgaigr.github.io/kosovo-biodiversity-data-workshop-2026/sources/chelsa.html","2026-09-29"
"chelsa","spatial_resolution","30 arc-seconds (about 1 km)","https://jonasgaigr.github.io/kosovo-biodiversity-data-workshop-2026/sources/chelsa.html","2026-09-29"
"chelsa","temporal_coverage","1981–2010 climatology","https://os.zhdk.cloud.switch.ch/chelsav2/GLOBAL/climatologies/1981-2010/bio/CHELSA_bio1_1981-2010_V.2.1.tif","2026-09-29"
"chelsa","latest_version","V2.1","https://os.zhdk.cloud.switch.ch/chelsav2/GLOBAL/climatologies/1981-2010/bio/CHELSA_bio1_1981-2010_V.2.1.tif","2026-09-29"
"chelsa","kosovo_coverage","yes","https://jonasgaigr.github.io/kosovo-biodiversity-data-workshop-2026/sources/chelsa.html","2026-09-29"
"chelsa","kosovo_codes_seen","not applicable (raster)","https://jonasgaigr.github.io/kosovo-biodiversity-data-workshop-2026/sources/chelsa.html","2026-09-29"
"chelsa","tier","national","https://jonasgaigr.github.io/kosovo-biodiversity-data-workshop-2026/sources/chelsa.html","2026-09-29"
"chelsa","n2k_question","Climate gradients for species distribution models and for the biogeographical split within Kosovo","https://jonasgaigr.github.io/kosovo-biodiversity-data-workshop-2026/sources/chelsa.html","2026-09-29"
"chelsa","effort","low","https://jonasgaigr.github.io/kosovo-biodiversity-data-workshop-2026/sources/chelsa.html","2026-09-29"
"chelsa","sensitivity","None","https://jonasgaigr.github.io/kosovo-biodiversity-data-workshop-2026/sources/chelsa.html","2026-09-29"
"worldclim","url","https://geodata.ucdavis.edu/climate/worldclim/2_1/tiles/iso/XKO_wc2.1_30s_tavg.tif","https://jonasgaigr.github.io/kosovo-biodiversity-data-workshop-2026/sources/worldclim.html","2026-09-29"
"worldclim","access","open","https://jonasgaigr.github.io/kosovo-biodiversity-data-workshop-2026/sources/worldclim.html","2026-09-29"
"worldclim","format","GeoTIFF, one tile per country","https://jonasgaigr.github.io/kosovo-biodiversity-data-workshop-2026/sources/worldclim.html","2026-09-29"
"worldclim","access_method","R package","https://jonasgaigr.github.io/kosovo-biodiversity-data-workshop-2026/sources/worldclim.html","2026-09-29"
"worldclim","spatial_resolution","30 arc-seconds (about 1 km)","https://jonasgaigr.github.io/kosovo-biodiversity-data-workshop-2026/sources/worldclim.html","2026-09-29"
"worldclim","latest_version","WorldClim 2.1 (country tiles served by geodata)","https://geodata.ucdavis.edu/climate/worldclim/2_1/tiles/iso/XKO_wc2.1_30s_tavg.tif","2026-09-29"
"worldclim","kosovo_coverage","yes","https://jonasgaigr.github.io/kosovo-biodiversity-data-workshop-2026/sources/worldclim.html","2026-09-29"
"worldclim","kosovo_codes_seen","XKO (ISO3 in geodata; ISO2 XK)","https://jonasgaigr.github.io/kosovo-biodiversity-data-workshop-2026/sources/worldclim.html","2026-09-29"
"worldclim","tier","national","https://jonasgaigr.github.io/kosovo-biodiversity-data-workshop-2026/sources/worldclim.html","2026-09-29"
"worldclim","n2k_question","Climate covariates, reached in one line of R, for models and screening","https://jonasgaigr.github.io/kosovo-biodiversity-data-workshop-2026/sources/worldclim.html","2026-09-29"
"worldclim","effort","low","https://jonasgaigr.github.io/kosovo-biodiversity-data-workshop-2026/sources/worldclim.html","2026-09-29"
"worldclim","sensitivity","None","https://jonasgaigr.github.io/kosovo-biodiversity-data-workshop-2026/sources/worldclim.html","2026-09-29"
"eu-hydro","custodian","Copernicus Land Monitoring Service, coordinated by the EEA","https://sdi.eea.europa.eu/catalogue/srv/api/records/393359a7-7ebd-4a52-80ac-1a18d5f3db9c","2026-09-29"
"eu-hydro","url","https://land.copernicus.eu/en/products/eu-hydro/eu-hydro-river-network-database","https://sdi.eea.europa.eu/catalogue/srv/api/records/393359a7-7ebd-4a52-80ac-1a18d5f3db9c","2026-09-29"
"eu-hydro","doi","10.2909/393359a7-7ebd-4a52-80ac-1a18d5f3db9c","https://sdi.eea.europa.eu/catalogue/srv/api/records/393359a7-7ebd-4a52-80ac-1a18d5f3db9c","2026-09-29"
"eu-hydro","licence","Copernicus full, free and open data policy (attribution required)","https://sdi.eea.europa.eu/catalogue/srv/api/records/393359a7-7ebd-4a52-80ac-1a18d5f3db9c","2026-09-29"
"eu-hydro","access","open","https://sdi.eea.europa.eu/catalogue/srv/api/records/393359a7-7ebd-4a52-80ac-1a18d5f3db9c","2026-09-29"
"eu-hydro","format","File Geodatabase, GeoPackage (by major basin)","https://sdi.eea.europa.eu/catalogue/srv/api/records/393359a7-7ebd-4a52-80ac-1a18d5f3db9c","2026-09-29"
"eu-hydro","access_method","download; WMS; ArcGIS REST","https://sdi.eea.europa.eu/catalogue/srv/api/records/393359a7-7ebd-4a52-80ac-1a18d5f3db9c","2026-09-29"
"eu-hydro","spatial_resolution","1:50,000; minimum mapping unit 1 ha","https://sdi.eea.europa.eu/catalogue/srv/api/records/393359a7-7ebd-4a52-80ac-1a18d5f3db9c","2026-09-29"
"eu-hydro","temporal_coverage","2006–2012","https://sdi.eea.europa.eu/catalogue/srv/api/records/393359a7-7ebd-4a52-80ac-1a18d5f3db9c","2026-09-29"
"eu-hydro","latest_version","Version 1.3, November 2020 (revised 2020-11-25)","https://sdi.eea.europa.eu/catalogue/srv/api/records/393359a7-7ebd-4a52-80ac-1a18d5f3db9c","2026-09-29"
"eu-hydro","kosovo_coverage","partial","https://jonasgaigr.github.io/kosovo-biodiversity-data-workshop-2026/sources/eu-hydro.html","2026-09-29"
"eu-hydro","kosovo_codes_seen","not applicable (no country attribute queried)","https://jonasgaigr.github.io/kosovo-biodiversity-data-workshop-2026/sources/eu-hydro.html","2026-09-29"
"eu-hydro","tier","national","https://sdi.eea.europa.eu/catalogue/srv/api/records/393359a7-7ebd-4a52-80ac-1a18d5f3db9c","2026-09-29"
"eu-hydro","n2k_question","River network and Strahler order, for freshwater Annex I types, fish and boundary lines along rivers","https://jonasgaigr.github.io/kosovo-biodiversity-data-workshop-2026/sources/eu-hydro.html","2026-09-29"
"eu-hydro","effort","low","https://jonasgaigr.github.io/kosovo-biodiversity-data-workshop-2026/sources/eu-hydro.html","2026-09-29"
"eu-hydro","sensitivity","None","https://sdi.eea.europa.eu/catalogue/srv/api/records/393359a7-7ebd-4a52-80ac-1a18d5f3db9c","2026-09-29"
"hydrosheds","custodian","HydroSHEDS (Lehner and Grill)","https://www.hydrosheds.org/products/hydrorivers","2026-09-29"
"hydrosheds","url","https://www.hydrosheds.org/products/hydrorivers","https://www.hydrosheds.org/products/hydrorivers","2026-09-29"
"hydrosheds","doi","none found for the dataset; citation paper doi:10.1002/hyp.9740","https://api.datacite.org/dois?query=HydroRIVERS","2026-09-29"
"hydrosheds","licence","Free for scientific, educational and commercial use under the HydroSHEDS licence (attribution required)","https://www.hydrosheds.org/products/hydrorivers","2026-09-29"
"hydrosheds","access","open","https://www.hydrosheds.org/products/hydrorivers","2026-09-29"
"hydrosheds","format","Shapefile or File Geodatabase, zipped per continent","https://www.hydrosheds.org/products/hydrorivers","2026-09-29"
"hydrosheds","access_method","download","https://www.hydrosheds.org/products/hydrorivers","2026-09-29"
"hydrosheds","spatial_resolution","Derived from 15 arc-second (about 500 m) grids","https://www.hydrosheds.org/products/hydrorivers","2026-09-29"
"hydrosheds","temporal_coverage","not applicable (static network derived from the HydroSHEDS grids)","https://www.hydrosheds.org/products/hydrorivers","2026-09-29"
"hydrosheds","latest_version","HydroRIVERS v1.0","https://www.hydrosheds.org/products/hydrorivers","2026-09-29"
"hydrosheds","kosovo_coverage","yes","https://jonasgaigr.github.io/kosovo-biodiversity-data-workshop-2026/sources/hydrosheds.html","2026-09-29"
"hydrosheds","kosovo_codes_seen","not applicable (no country attribute)","https://jonasgaigr.github.io/kosovo-biodiversity-data-workshop-2026/sources/hydrosheds.html","2026-09-29"
"hydrosheds","tier","national","https://www.hydrosheds.org/products/hydrorivers","2026-09-29"
"hydrosheds","n2k_question","A coarse, globally consistent river network and catchments, where EU-Hydro is not needed","https://jonasgaigr.github.io/kosovo-biodiversity-data-workshop-2026/sources/hydrosheds.html","2026-09-29"
"hydrosheds","effort","low","https://jonasgaigr.github.io/kosovo-biodiversity-data-workshop-2026/sources/hydrosheds.html","2026-09-29"
"hydrosheds","sensitivity","None","https://www.hydrosheds.org/products/hydrorivers","2026-09-29"
"soils-geology","url","https://files.isric.org/soilgrids/latest/data/","https://jonasgaigr.github.io/kosovo-biodiversity-data-workshop-2026/sources/soils-geology.html","2026-09-29"
"soils-geology","access","open","https://jonasgaigr.github.io/kosovo-biodiversity-data-workshop-2026/sources/soils-geology.html","2026-09-29"
"soils-geology","format","Cloud-optimised GeoTIFF behind a VRT","https://jonasgaigr.github.io/kosovo-biodiversity-data-workshop-2026/sources/soils-geology.html","2026-09-29"
"soils-geology","access_method","download","https://jonasgaigr.github.io/kosovo-biodiversity-data-workshop-2026/sources/soils-geology.html","2026-09-29"
"soils-geology","spatial_resolution","250 m (SoilGrids)","https://jonasgaigr.github.io/kosovo-biodiversity-data-workshop-2026/sources/soils-geology.html","2026-09-29"
"soils-geology","kosovo_coverage","yes","https://jonasgaigr.github.io/kosovo-biodiversity-data-workshop-2026/sources/soils-geology.html","2026-09-29"
"soils-geology","kosovo_codes_seen","not applicable (raster)","https://jonasgaigr.github.io/kosovo-biodiversity-data-workshop-2026/sources/soils-geology.html","2026-09-29"
"soils-geology","tier","national","https://jonasgaigr.github.io/kosovo-biodiversity-data-workshop-2026/sources/soils-geology.html","2026-09-29"
"soils-geology","n2k_question","Soil properties as covariates for habitat models (serpentine, limestone and silicate substrates matter for Kosovo's endemics)","https://jonasgaigr.github.io/kosovo-biodiversity-data-workshop-2026/sources/soils-geology.html","2026-09-29"
"balkan-hydropower","custodian","RiverWatch and EuroNatur (data compiled by Fluvius, Vienna)","https://balkanrivers.net/uploads/files/3/Balkan_HPP_Update_2022.pdf","2026-09-29"
"balkan-hydropower","url","https://riverwatch.eu/en/balkanrivers/news/10-years-hydropower-data-2024-update-reveals-ongoing-threats-and-wins-balkan","https://riverwatch.eu/en/balkanrivers/news/10-years-hydropower-data-2024-update-reveals-ongoing-threats-and-wins-balkan","2026-09-29"
"balkan-hydropower","access","on request","https://riverwatch.eu/en/balkanrivers/news/10-years-hydropower-data-2024-update-reveals-ongoing-threats-and-wins-balkan","2026-09-29"
"balkan-hydropower","format","Report (PDF) and online map; GIS data held by the authors","https://balkanrivers.net/uploads/files/3/Balkan_HPP_Update_2022.pdf","2026-09-29"
"balkan-hydropower","latest_version","2024 update, published 14 March 2025","https://riverwatch.eu/en/balkanrivers/news/10-years-hydropower-data-2024-update-reveals-ongoing-threats-and-wins-balkan","2026-09-29"
"balkan-hydropower","kosovo_coverage","yes","https://balkanrivers.net/uploads/files/3/Balkan_HPP_Update_2022.pdf","2026-09-29"
"balkan-hydropower","tier","national","https://balkanrivers.net/uploads/files/3/Balkan_HPP_Update_2022.pdf","2026-09-29"
"balkan-hydropower","n2k_question","Which rivers carry existing and planned hydropower, set against protected areas and freshwater features","https://balkanrivers.net/uploads/files/3/Balkan_HPP_Update_2022.pdf","2026-09-29"
"balkan-hydropower","sensitivity","None","https://balkanrivers.net/uploads/files/3/Balkan_HPP_Update_2022.pdf","2026-09-29"
"icmm-mining","custodian","Independent Commission for Mines and Minerals (ICMM/KPMM)","https://kosovo-mining.org/?lang=en","2026-09-29"
"icmm-mining","url","https://kosovo-mining.org/?lang=en","https://kosovo-mining.org/?lang=en","2026-09-29"
"icmm-mining","access","registration","https://www.kosovo-mining.org/gdk/gis?lan=en","2026-09-29"
"icmm-mining","kosovo_coverage","yes","https://kosovo-mining.org/?lang=en","2026-09-29"
"icmm-mining","tier","national","https://kosovo-mining.org/?lang=en","2026-09-29"
"icmm-mining","n2k_question","Where mining licences and applications overlap candidate sites and protected areas","https://kosovo-mining.org/?lang=en","2026-09-29"
"kca-geoportal","custodian","Kosovo Cadastral Agency","https://akk.rks-gov.net/en","2026-09-29"
"kca-geoportal","url","https://geoportal.rks-gov.net/en/per-gjeoportalin/-/asset_publisher/EO0MH4mgPwJp/content","https://geoportal.rks-gov.net/en/per-gjeoportalin/-/asset_publisher/EO0MH4mgPwJp/content","2026-09-29"
"kca-geoportal","kosovo_coverage","yes","https://geoportal.rks-gov.net/en/per-gjeoportalin/-/asset_publisher/EO0MH4mgPwJp/content","2026-09-29"
"kca-geoportal","tier","site","https://geoportal.rks-gov.net/en/per-gjeoportalin/-/asset_publisher/EO0MH4mgPwJp/content","2026-09-29"
"kca-geoportal","n2k_question","Cadastral parcels and orthophotos, to draw site boundaries that can be found on the ground and in the land register","https://geoportal.rks-gov.net/en/per-gjeoportalin/-/asset_publisher/EO0MH4mgPwJp/content","2026-09-29"
"np-spatial-plans","custodian","Ministry of Environment, Spatial Planning and Infrastructure (Institute for Spatial Planning)","https://mmphi.rks-gov.net/mmphifolder/OtherDocuments/Plani%20Hap%C3%ABsinor%20PK%20Bjeshk%C3%ABt%20e%20Nemuna.pdf","2026-09-29"
"np-spatial-plans","url","https://mmphi.rks-gov.net/mmphifolder/OtherDocuments/Plani%20Hap%C3%ABsinor%20PK%20Bjeshk%C3%ABt%20e%20Nemuna.pdf","https://mmphi.rks-gov.net/mmphifolder/OtherDocuments/Plani%20Hap%C3%ABsinor%20PK%20Bjeshk%C3%ABt%20e%20Nemuna.pdf","2026-09-29"
"np-spatial-plans","access","open","https://mmphi.rks-gov.net/mmphifolder/OtherDocuments/Plani%20Hap%C3%ABsinor%20PK%20Bjeshk%C3%ABt%20e%20Nemuna.pdf","2026-09-29"
"np-spatial-plans","format","PDF (Bjeshkët e Nemuna plan, 89 pages; Sharri SEA draft, 161 pages)","https://www.ammk-rks.net/assets/cms/uploads/files/Draft%20Raporti%20-%20Vler%C3%ABsimi%20Strategjik%20Mjedisor%20p%C3%ABr%20Parkun%20Komb%C3%ABtar%20Sharri_.pdf","2026-09-29"
"np-spatial-plans","access_method","PDF","https://mmphi.rks-gov.net/mmphifolder/OtherDocuments/Plani%20Hap%C3%ABsinor%20PK%20Bjeshk%C3%ABt%20e%20Nemuna.pdf","2026-09-29"
"np-spatial-plans","latest_version","Bjeshkët e Nemuna plan PDF June 2023; Sharri SEA draft PDF March 2025","https://www.ammk-rks.net/assets/cms/uploads/files/Draft%20Raporti%20-%20Vler%C3%ABsimi%20Strategjik%20Mjedisor%20p%C3%ABr%20Parkun%20Komb%C3%ABtar%20Sharri_.pdf","2026-09-29"
"np-spatial-plans","kosovo_coverage","yes","https://mmphi.rks-gov.net/mmphifolder/OtherDocuments/Plani%20Hap%C3%ABsinor%20PK%20Bjeshk%C3%ABt%20e%20Nemuna.pdf","2026-09-29"
"np-spatial-plans","kosovo_codes_seen","not applicable (national plans)","https://mmphi.rks-gov.net/mmphifolder/OtherDocuments/Plani%20Hap%C3%ABsinor%20PK%20Bjeshk%C3%ABt%20e%20Nemuna.pdf","2026-09-29"
"np-spatial-plans","tier","site","https://mmphi.rks-gov.net/mmphifolder/OtherDocuments/Plani%20Hap%C3%ABsinor%20PK%20Bjeshk%C3%ABt%20e%20Nemuna.pdf","2026-09-29"
"np-spatial-plans","n2k_question","Zoning and planned development inside the two national parks, the core of any Natura 2000 proposal","https://mmphi.rks-gov.net/mmphifolder/OtherDocuments/Plani%20Hap%C3%ABsinor%20PK%20Bjeshk%C3%ABt%20e%20Nemuna.pdf","2026-09-29"
"forest-loss-hansen","custodian","University of Maryland GLAD (Hansen et al.)","https://storage.googleapis.com/earthenginepartners-hansen/GFC-2025-v1.13/download.html","2026-09-29"
"forest-loss-hansen","url","https://storage.googleapis.com/earthenginepartners-hansen/GFC-2025-v1.13/download.html","https://storage.googleapis.com/earthenginepartners-hansen/GFC-2025-v1.13/download.html","2026-09-29"
"forest-loss-hansen","doi","10.1126/science.1244693","https://api.crossref.org/works/10.1126/science.1244693","2026-09-29"
"forest-loss-hansen","licence","CC BY 4.0","https://storage.googleapis.com/earthenginepartners-hansen/GFC-2025-v1.13/download.html","2026-09-29"
"forest-loss-hansen","access","open","https://storage.googleapis.com/earthenginepartners-hansen/GFC-2025-v1.13/download.html","2026-09-29"
"forest-loss-hansen","format","GeoTIFF, 10° tiles","https://storage.googleapis.com/earthenginepartners-hansen/GFC-2025-v1.13/download.html","2026-09-29"
"forest-loss-hansen","access_method","download","https://storage.googleapis.com/earthenginepartners-hansen/GFC-2025-v1.13/download.html","2026-09-29"
"forest-loss-hansen","spatial_resolution","1 arc-second (about 30 m)","https://storage.googleapis.com/earthenginepartners-hansen/GFC-2025-v1.13/download.html","2026-09-29"
"forest-loss-hansen","temporal_coverage","2000–2025","https://storage.googleapis.com/earthenginepartners-hansen/GFC-2025-v1.13/download.html","2026-09-29"
"forest-loss-hansen","latest_version","Version 1.13 (GFC-2025-v1.13)","https://storage.googleapis.com/earthenginepartners-hansen/GFC-2025-v1.13/download.html","2026-09-29"
"forest-loss-hansen","kosovo_coverage","yes","https://jonasgaigr.github.io/kosovo-biodiversity-data-workshop-2026/sources/forest-loss-hansen.html","2026-09-29"
"forest-loss-hansen","kosovo_codes_seen","not applicable (raster)","https://jonasgaigr.github.io/kosovo-biodiversity-data-workshop-2026/sources/forest-loss-hansen.html","2026-09-29"
"forest-loss-hansen","tier","national","https://storage.googleapis.com/earthenginepartners-hansen/GFC-2025-v1.13/download.html","2026-09-29"
"forest-loss-hansen","n2k_question","Where and when tree cover was lost, as a pressure on forest habitat types and forest species","https://jonasgaigr.github.io/kosovo-biodiversity-data-workshop-2026/sources/forest-loss-hansen.html","2026-09-29"
"forest-loss-hansen","effort","low","https://jonasgaigr.github.io/kosovo-biodiversity-data-workshop-2026/sources/forest-loss-hansen.html","2026-09-29"
"forest-loss-hansen","sensitivity","None","https://storage.googleapis.com/earthenginepartners-hansen/GFC-2025-v1.13/download.html","2026-09-29"
"effis-burnt-areas","custodian","European Forest Fire Information System (EFFIS), Copernicus Emergency Management Service","https://forest-fire.emergency.copernicus.eu/applications/data-and-services","2026-09-29"
"effis-burnt-areas","url","https://forest-fire.emergency.copernicus.eu/applications/data-and-services","https://forest-fire.emergency.copernicus.eu/applications/data-and-services","2026-09-29"
"effis-burnt-areas","access","open","https://jonasgaigr.github.io/kosovo-biodiversity-data-workshop-2026/sources/effis-burnt-areas.html","2026-09-29"
"effis-burnt-areas","format","Shapefile, SpatiaLite; GML through WFS","https://forest-fire.emergency.copernicus.eu/applications/data-and-services","2026-09-29"
"effis-burnt-areas","access_method","WFS","https://jonasgaigr.github.io/kosovo-biodiversity-data-workshop-2026/sources/effis-burnt-areas.html","2026-09-29"
"effis-burnt-areas","kosovo_coverage","yes","https://jonasgaigr.github.io/kosovo-biodiversity-data-workshop-2026/sources/effis-burnt-areas.html","2026-09-29"
"effis-burnt-areas","kosovo_codes_seen","KS; also RS on fires lying inside Kosovo (131 of them more than 90 per cent inside)","https://jonasgaigr.github.io/kosovo-biodiversity-data-workshop-2026/sources/effis-burnt-areas.html","2026-09-29"
"effis-burnt-areas","tier","national","https://jonasgaigr.github.io/kosovo-biodiversity-data-workshop-2026/sources/effis-burnt-areas.html","2026-09-29"
"effis-burnt-areas","n2k_question","Where fires burnt, and how much of it was forest or semi-natural land, as a pressure on habitats","https://jonasgaigr.github.io/kosovo-biodiversity-data-workshop-2026/sources/effis-burnt-areas.html","2026-09-29"
"effis-burnt-areas","effort","low","https://jonasgaigr.github.io/kosovo-biodiversity-data-workshop-2026/sources/effis-burnt-areas.html","2026-09-29"
"effis-burnt-areas","sensitivity","None","https://forest-fire.emergency.copernicus.eu/applications/data-and-services","2026-09-29"
"r-access-toolkit","custodian","CRAN (package maintainers)","https://cloud.r-project.org/src/contrib/PACKAGES","2026-09-29"
"r-access-toolkit","url","https://cloud.r-project.org/","https://cloud.r-project.org/src/contrib/PACKAGES","2026-09-29"
"r-access-toolkit","access","open","https://cloud.r-project.org/src/contrib/PACKAGES","2026-09-29"
"r-access-toolkit","format","R packages","https://cloud.r-project.org/src/contrib/PACKAGES","2026-09-29"
"r-access-toolkit","access_method","R package","https://cloud.r-project.org/src/contrib/PACKAGES","2026-09-29"
"r-access-toolkit","kosovo_coverage","partial","https://jonasgaigr.github.io/kosovo-biodiversity-data-workshop-2026/sources/r-access-toolkit.html","2026-09-29"
"r-access-toolkit","kosovo_codes_seen","geodata XKO/XK; GISCO none (Kosovo inside RS/SRB); EFFIS KS; GBIF XK and GADM XKO","https://jonasgaigr.github.io/kosovo-biodiversity-data-workshop-2026/sources/r-access-toolkit.html","2026-09-29"
"r-access-toolkit","effort","low","https://jonasgaigr.github.io/kosovo-biodiversity-data-workshop-2026/sources/r-access-toolkit.html","2026-09-29"
