"eventID","stratum","decimalLatitude","decimalLongitude","coordinateUncertaintyInMeters","elevation_m","predictedSuitability","protectedArea","samplingProtocol","eventDate","recordedBy","occurrenceStatus","individualCount"
"PEROS-GT-01","new",43.1375,20.99583,600,1395,0.698,"","timed search, 30 minutes, whole cell, sunny, July-August","","","",""
"PEROS-GT-02","new",43.0125,20.6875,600,1008,0.448,"","timed search, 30 minutes, whole cell, sunny, July-August","","","",""
"PEROS-GT-03","new",42.97917,21.0625,600,1116,0.444,"","timed search, 30 minutes, whole cell, sunny, July-August","","","",""
"PEROS-GT-04","new",42.90417,20.55417,600,1588,0.699,"","timed search, 30 minutes, whole cell, sunny, July-August","","","",""
"PEROS-GT-05","new",42.69583,20.0375,600,1726,0.712,"","timed search, 30 minutes, whole cell, sunny, July-August","","","",""
"PEROS-GT-06","new",42.60417,20.27083,600,1064,0.482,"Parku Kombëtar ""Bjeshkët e Nemuna""","timed search, 30 minutes, whole cell, sunny, July-August","","","",""
"PEROS-GT-07","new",42.37083,21.0125,600,1046,0.564,"","timed search, 30 minutes, whole cell, sunny, July-August","","","",""
"PEROS-GT-08","new",42.34583,20.25417,600,767,0.528,"","timed search, 30 minutes, whole cell, sunny, July-August","","","",""
"PEROS-GT-09","new",42.32917,20.97083,600,1540,0.634,"","timed search, 30 minutes, whole cell, sunny, July-August","","","",""
"PEROS-GT-10","new",42.3125,21.09583,600,1155,0.449,"","timed search, 30 minutes, whole cell, sunny, July-August","","","",""
"PEROS-GT-11","new",42.27917,20.95417,600,1396,0.632,"Parku Kombëtar ""Sharri""","timed search, 30 minutes, whole cell, sunny, July-August","","","",""
"PEROS-GT-12","new",42.2625,20.87083,600,1446,0.649,"Parku Kombëtar ""Sharri""; Rusenica","timed search, 30 minutes, whole cell, sunny, July-August","","","",""
"PEROS-GT-13","new",42.19583,20.92917,600,1685,0.701,"Parku Kombëtar ""Sharri""","timed search, 30 minutes, whole cell, sunny, July-August","","","",""
"PEROS-GT-14","new",42.0875,20.77083,600,2065,0.95,"Parku Kombëtar ""Sharri""","timed search, 30 minutes, whole cell, sunny, July-August","","","",""
"PEROS-GT-15","new",41.97917,20.69583,600,1759,0.834,"Parku Kombëtar ""Sharri""","timed search, 30 minutes, whole cell, sunny, July-August","","","",""
"PEROS-GT-16","revisit",43.2625,20.8375,600,1696,0.919,"","timed search, 30 minutes, whole cell, sunny, July-August","","","",""
"PEROS-GT-17","revisit",43.14583,20.87083,600,1065,0.64,"","timed search, 30 minutes, whole cell, sunny, July-August","","","",""
"PEROS-GT-18","revisit",42.27917,20.47917,600,916,0.376,"Mali Pashtrik dhe Liqeni i Vërmices","timed search, 30 minutes, whole cell, sunny, July-August","","","",""
"PEROS-GT-19","revisit",42.2125,20.52917,600,1801,0.881,"Mali Pashtrik dhe Liqeni i Vërmices","timed search, 30 minutes, whole cell, sunny, July-August","","","",""
"PEROS-GT-20","revisit",42.2125,21.12083,600,2127,0.948,"Parku Kombëtar ""Sharri""; Luboteni","timed search, 30 minutes, whole cell, sunny, July-August","","","",""
"PEROS-GT-21","revisit",42.19583,21.1375,600,1950,0.937,"","timed search, 30 minutes, whole cell, sunny, July-August","","","",""
"PEROS-GT-22","revisit",42.14583,20.94583,600,2275,0.959,"Parku Kombëtar ""Sharri""","timed search, 30 minutes, whole cell, sunny, July-August","","","",""
"PEROS-GT-23","revisit",42.09583,20.5625,600,2050,0.913,"","timed search, 30 minutes, whole cell, sunny, July-August","","","",""
"PEROS-GT-24","revisit",41.87083,20.7375,600,2235,0.95,"","timed search, 30 minutes, whole cell, sunny, July-August","","","",""
"PEROS-GT-25","absence",43.02083,20.7875,600,700,0.404,"","timed search, 30 minutes, whole cell, sunny, July-August","","","",""
"PEROS-GT-26","absence",42.97917,20.82083,600,522,0.372,"","timed search, 30 minutes, whole cell, sunny, July-August","","","",""
"PEROS-GT-27","absence",42.50417,20.54583,600,462,0.357,"","timed search, 30 minutes, whole cell, sunny, July-August","","","",""
"PEROS-GT-28","absence",42.4375,21.4125,600,624,0.31,"","timed search, 30 minutes, whole cell, sunny, July-August","","","",""
"PEROS-GT-29","absence",42.39583,21.3875,600,556,0.312,"","timed search, 30 minutes, whole cell, sunny, July-August","","","",""
"PEROS-GT-30","absence",42.37917,20.7375,600,584,0.36,"","timed search, 30 minutes, whole cell, sunny, July-August","","","",""
