slide,minutes,key_message,visual,visual_source,visual_status
1,1,"Five parts, one argument: Kosovo can act on spatial data now, and doing so is what makes it fundable. Each audience group is told what it will get.","No figure. A five-line contents list, plus the TAIEX status designation footnote.","TAIEX agenda, case ID ETT IND/EXP 82606",n/a
2,0.5,"Decisions are being taken this week regardless; data makes them checkable, it does not add them.","Section divider, plain dark-green field.",–,n/a
3,2.5,"Kosovo's published record is thin and extremely concentrated, and most protected sites have no boundary to analyse at all.","Choropleth of GBIF records per km² by municipality, protected-area boundaries and point-only sites over it, Ligatina e Hencit ringed and labelled with its 28 % share.","images/kosovo-record-density.png, built by make-figures.R from this repository's pipeline outputs.",exists
4,2,"A missing baseline is not a reason for inaction: decisions happen anyway, the burden of proof sits with the project, and the satellite archive is a baseline that can still be collected retrospectively.","No figure. Three-column argument.",–,n/a
5,2,"Copernicus gives Kosovo a free, harmonised land-cover change baseline today, in the same classes its neighbours use.","A before/after pair of Sentinel-2 true-colour scenes, 2016 and 2025, over one Kosovo extent with visible land-take.","Copernicus Browser (Copernicus Data Space Ecosystem). Author to capture.",to produce
6,2,"Fragmentation – patch size, isolation, effective mesh size, barriers – is what decides whether habitat still functions; EO shows it, but cannot see species or condition.","Habitat patches from a Copernicus layer with motorways and main roads over them, for one Kosovo landscape.","Copernicus Land Monitoring Service (Tree Cover Density or CLC+ Backbone) and the road network. Author to produce.",to produce
7,2,"Project data dies on hard drives because there is nowhere to put it – a missing destination, not a discipline problem.","No figure. Two-column text: the pattern and its costs.",–,n/a
8,2,"One authoritative copy of each record, fed by ministry, universities and EIA consultants, serves publication, permitting and reporting at once.","Left-to-right flowchart: three sources to Darwin Core to a national biodiversity information system, fanning out to GBIF, EIA screening and reporting.",Generated by Mermaid from the .qmd itself,exists
9,2.5,"Darwin Core and INSPIRE make a record readable by strangers and across borders – into the neighbours' Emerald Network work – and Kosovo's geoportal already runs INSPIRE-based services.","A real Kosovo record (yellow-bellied toad, Sharri NP) set as a Darwin Core term/value table.","GBIF occurrence 5897424625, from this repository's export. Set as text in the slide.",exists
10,0.5,"Three systems, each solving one problem Kosovo has.","Section divider, plain dark-green field.",–,n/a
11,1.5,"The poaching fear is legitimate, but closing data disarms the planner rather than the collector – the question is who sees what, at what precision.","No figure. Deliberately a text slide: this is an argument.",–,n/a
12,2,"NDOP: 42 million published records, open by default, sensitive species generalised in public and precise for named users under agreement – governance, not software.","NDOP public view of a sensitive species shown generalised to a grid square.","AOPK ČR NDOP. Author to capture.",to produce
13,1.5,"The professional view carries pond-level precision and recorded absences – what makes screening, trends and the English model possible.","NDOP logged-in record list for Triturus cristatus at one site, NEG (absence) records visible.","images/ndop-full-precision.png, cropped from presentation-n2k-condition/images/ndop-record-list.png.",exists
14,2,"Open data is not used data: a developer needs one question answered – what is here and what does the law say – not a forty-column CSV.","Pair: the raw Kosovo CSV as text, clipped at the right; beside it the UNCG viewer's legal-status report for one area.","CSV from data_exports/kosovo_overall_biodiversity.csv (exists, set as text); viewer report screenshot to capture.",partly exists
15,2.5,"The UNCG Biodiversity Viewer joins GBIF records to national and EU legal status per area and writes an EIA-ready report; it transfers to Kosovo by replacing one table.","Screenshot of the viewer with an area selected, filtered records on the map and the conservation-list filter panel.","Biodiversity Viewer (UNCG / The Habitat Foundation). Author to capture.",to produce
16,2.5,"A four-month survey season on the critical path puts up to a year's unpredictable delay on development and still delivers poor conservation.","Thirteen-month calendar strip: the survey season, and a project that misses it. Drawn in HTML on the slide.",Author-drawn (HTML/CSS in the slide),exists
17,3,"Mapping risk across a district in advance and pooling developer payments made permitting faster and predictable and delivered more habitat – impossible without the data.","A published great crested newt impact risk zone map for one English district.","Natural England or NatureSpace. Licence for reuse to be checked; redraw schematically if it cannot be cleared.",to produce
18,3,"Govern, build, fund: twelve months of no-cost governance work creates the baseline, owner and data series that international funders back.","No figure. Three-column roadmap and one closing line.",–,n/a
