"SITECODE","SITENAME","COUNTRY_CODE","SITESTATUS","ha_in_ring"
"RS0000044","PROKOP","RS","Candidate",8.40456189864054
"ME000000R","Sinjavina (Babji zub i Gradiste)","ME","Candidate",374.151957530689
"ME000000X","Komovi","ME","Candidate",6134.02698842296
"RS0000060","RADAN","RS","Candidate",48069.4008465034
"ME0000008","Kanjon Cijevne","ME","Candidate",3238.84350031548
"ME000000O","Visitor and Zeletin","ME","Candidate",13675.338859932
"ME000000U","Hajla","ME","Candidate",1832.62497151463
"ME000000H","Lim river","ME","Candidate",17711.937881808
"RS0000048","ZELENICJE","RS","Candidate",4.78410612586513
"ME000000E","Cave in Djalovica Ravine","ME","Candidate",190.989593602109
"ME000000F","Plavsko-Gusinjske Prokletije (+Bogicevica)","ME","Candidate",15478.2905108918
"AL0000005","Allamani.","AL","Candidate",1644.75287860868
"AL0000010","Alps  / Alpet","AL","Candidate",76875.0681465168
"ME0000001","Canyon of Mala Rijeka","ME","Candidate",12787.7428202759
"ME0000007","Bjelasica","ME","Candidate",5752.54717210274
"AL0000011","Kurora Lures-Kunore-Valmore-Zall-Gjocaj","AL","Candidate",16594.3741262236
"AL0000023","Protected Landscape of Korabi / Peisazh i Mbrojtur i Korabit","AL","Candidate",31319.5766963267
"MK0000007","Mavrovo","MK","Candidate",73508.5272644448
"MK0000008","Shar Planina","MK","Candidate",45756.7826958102
"MK0000017","Jakupica","MK","Candidate",59053.5865283907
"MK0000009","Matka","MK","Candidate",5125.12304512174
"MK0000029","German - Pchinja","MK","Candidate",49769.2299012413
"MK0000030","Katlanovo-Taor","MK","Candidate",8045.47056303464
"RS0000004","PROKLETIJE","RS","Candidate",27403.2515260909
"RS0000002","KOPAONIK","RS","Candidate",27498.3170120236
"RS0000025","KLISURA REKE UVAC","RS","Candidate",17.5179856826194
"RS0000028","GRMIJA","RS","Candidate",0
"RS0000030","GOLIJA","RS","Candidate",75922.2733507624
"RS0000032","MIRUSA","RS","Candidate",0
"RS0000037","PESTER","RS","Candidate",3865.27055643345
"RS0000006","VLASINA","RS","Candidate",8512.66043261144
"RS0000008","SAR PLANINA","RS","Candidate",1337.90996246785
"RS0000015","DOLINA PCINJE","RS","Candidate",2635.20587493721
