"query","title","publisher"
"EMMA2","Cadre d'acquisition personnel de TACON EMMA-Jeu de données personnel de TACON EMMA","UAR PatriNat (OFB-MNHN-CNRS-IRD), Paris"
"EMMA2","Cadre d'acquisition personnel de Barthe Emma-Jeu de données personnel de Barthe Emma","UAR PatriNat (OFB-MNHN-CNRS-IRD), Paris"
"EMMA2","JDD observateurs -Observations opportunistes d'Olivier Emma","UAR PatriNat (OFB-MNHN-CNRS-IRD), Paris"
"EMMA2","JDD observateurs -Observations opportunistes de Lemenager Emma","UAR PatriNat (OFB-MNHN-CNRS-IRD), Paris"
"EMMA2","JDD observateurs -Observations opportunistes de Lepri Emma","UAR PatriNat (OFB-MNHN-CNRS-IRD), Paris"
"EMMA2","EMMA-Algae. Colección de algas del herbario EMMA, Escuela Técnica Superior de Ingeniería de Montes, Forestal y del Medio Natural. UPM","School of Forestry Engineering. Technical University of Madrid"
"EMMA2","Parc éolien de Moulin d'Emanville 1 et 2 - Données d'écoutes chiroptérologiques sur nacelle - Machine E19 (MEMA2)","UAR PatriNat (OFB-MNHN-CNRS-IRD), Paris"
"EMMA2","Saisie de données naturalistes d'observateurs indépendants sur la plateforme de l'Observatoire FAUNA-Données naturalistes de Emma VALADAS","UAR PatriNat (OFB-MNHN-CNRS-IRD), Paris"
"EMMA2","Pseudanthias emma new species, with notes on a collection of anthiadine serranid fishes from off Myanmar (eastern Indian Ocean)","Plazi.org taxonomic treatments database"
"EMMA2","Herbario EMMA. Colección principal. Herbario de la Escuela Técnica Superior de Ingeniería de Montes, Forestal y del Medio Natural. UPM","School of Forestry Engineering. Technical University of Madrid"
"EMMA2","Système d'Information sur la Nature et les Paysages d'Ile de France - Données du/de la naturaliste Lepri Emma provenant de la base de donnée du SINP Île-de-France CETTIA","UAR PatriNat (OFB-MNHN-CNRS-IRD), Paris"
"EMMA2","Amazing new Amphipoda (Crustacea, Epimeriidae) from New Zealand’s deep-sea","Plazi.org taxonomic treatments database"
"EMMA2","MVSC; The James C. Parks Herbarium at Millersville University","Millersville University James C. Parks Herbarium"
"EMMA2","Identification key to and checklist of the Swedish Phlaeothripidae (Thysanoptera)","Plazi.org taxonomic treatments database"
"EMMA2","On the valid name of Savigny’s „ earthworm ” Enterion terrestre (Crassiclitellata, Lumbricidae)","Plazi.org taxonomic treatments database"
"EMMA2","Palerasnitsynus gen. n. (Trichoptera, Psychomyiidae) from Burmese amber","Plazi.org taxonomic treatments database"
"EMMA2","Exploring phylogenetic relationships of Pteraspidiformes heterostracans (stem-gnathostomes) using continuous and discrete characters","Plazi.org taxonomic treatments database"
"EMMA2","The oldest three-dimensionally preserved vertebrate neurocranium","Plazi.org taxonomic treatments database"
"EMMA2","Revalidation of the genus Ichthyocoris Bonaparte, 1840 (Actinopterygii: Blenniiformes: Blenniidae)","Plazi.org taxonomic treatments database"
"EMMA2","New species in CortinariussectionCortinarius (Agaricales) from the Americas and Australasia","Plazi.org taxonomic treatments database"
"Atlas of European Mammals","Atlas of Danish Mammals","Danish Biodiversity Information Facility"
"Atlas of European Mammals","Mammal records from Britain from the Atlas of Mammals (1993), with some subsequent records","Biological Records Centre"
"Atlas of European Mammals","EBCC Atlas of European Breeding Birds","European Bird Census Council (EBCC)"
"Atlas of European Mammals","Atlas Florae Europaeae notes, 33. Taxonomic synopsis of East European species of the Cytisus ratisbonensis group (Fabaceae)","Plazi.org taxonomic treatments database"
"Atlas of European Mammals","NDFF Atlas of the dutch mammals 1992","Dutch National Database of Flora and Fauna (NDFF)"
"Atlas of European Mammals","Small mammals of Yugoslavia 1992 atlas","National Museum of Natural History, Bulgarian Academy of Sciences"
"Atlas of European Mammals","Atlas of European millipedes 2: Order Julida (Class Diplopoda)","European Journal of Taxonomy"
"Atlas of European Mammals","Atlas of European millipedes 3: Order Chordeumatida (Class Diplopoda)","European Journal of Taxonomy"
"Atlas of European Mammals","Materials to the mammal atlas of Ukraine","Ukrainian Nature Conservation Group (NGO)"
"Atlas of European Mammals","Atlas of Mammals in Ireland 2010-2015","National Biodiversity Data Centre"
"Atlas of European Mammals","INC PAS The Atlas of Mammals of Poland","Institute of Nature Conservation, Polish Academy of Sciences (IOP PAN)"
"Atlas of European Mammals","A comparative atlas of selected skeletal elements of European urodeles (Amphibia: Urodela) for palaeontological investigations","Plazi.org taxonomic treatments database"
"Atlas of European Mammals","Occurrence of small mammals in Mordovia State Nature Reserve and National Park “Smolny” (European Russia)","Joint Directorate of the Mordovia State Nature Reserve and National Park ""Smolny"""
"Atlas of European Mammals","Trematodes of small mammals (Soricomorpha, Erinaceomorpha, Chiroptera, Rodentia) in the Middle-Volga region (European Russia)","Institute of Ecology of the Volga river basin of Russian Academie of Sciences"
"Atlas of European Mammals","On the morphology of the astragalus and calcaneus of the amphicyonids (Carnivora, Mammalia) from the Paleogene of Europe: implications for the ecology of the European bear-dogs","Geodiversitas"
"Atlas of European Mammals","Checklist of the Mammals of Vermont, USA","Vermont Center for Ecostudies"
"Atlas of European Mammals","An enigmatic specialized new eutherian mammal from the Late Cretaceous of Western Europe (Northern Pyrenees)","Plazi.org taxonomic treatments database"
"Atlas of European Mammals","Overlooked mammal diversity and conservation priorities in Italy: Impacts of taxonomic neglect on a Biodiversity Hotspot in Europe","Plazi.org taxonomic treatments database"
"Atlas of European Mammals","On the last European giraffe, Palaeotragus ineospectatus (Mammalia: Giraffidae); new remains from the Early Pleistocene of Greece and a review of the species","Plazi.org taxonomic treatments database"
"Atlas of European Mammals","Mammals of Montenegro","Wildlife Montenegro"
"European Mammal Foundation","Mammals of Montenegro","Wildlife Montenegro"
"European Mammal Foundation","Trematodes of small mammals (Soricomorpha, Erinaceomorpha, Chiroptera, Rodentia) in the Middle-Volga region (European Russia)","Institute of Ecology of the Volga river basin of Russian Academie of Sciences"
"European Mammal Foundation","Dominican Republic 2008: Hawksbill Turtles (aggregated per 1-degree cell)","OBIS-SEAMAP"
"European Mammal Foundation","Rodent composition of urban and forested areas in Potsdam, Germany","Staatliche Naturwissenschaftliche Sammlungen Bayerns"
"European Mammal Foundation","Moscow University Herbarium (MW)","Lomonosov Moscow State University"
"European Mammal Foundation","Presence of cetacean species collected through Fixed-Line-Transect monitoring across the Western Mediterranean Sea (Civitavecchia-Barcelona route) between 2014 and 2018","Flanders Marine Institute"
"European Mammal Foundation","GMU8_LEUVEN - Camera trap observations in natural habitats south of Leuven (Belgium)","Research Institute for Nature and Forest (INBO)"
"European Mammal Foundation","NPHK1 - Systematic random camera trap observations in National Park Hoge Kempen (Belgium)","Research Institute for Nature and Forest (INBO)"
"European Mammal Foundation","Black coral occurrences on the Azores shelves (central north Atlantic) from 1991 to 2019","Flanders Marine Institute"
