gbifID,scientificName,species,vernacularName,kingdom,phylum,class,order,family,genus,taxonRank,taxonKey,speciesKey,iucnRedListCategory,iucnRedListStatus,eventDate,year,month,day,decimalLatitude,decimalLongitude,coordinateUncertaintyInMeters,elevation,locality,municipality,district,protectedArea,protectedAreaDesignation,strictlyProtected,basisOfRecord,individualCount,establishmentMeans,recordedBy,identifiedBy,institutionCode,collectionCode,catalogNumber,datasetKey,license,issue,iasUnionConcern,iasAppliesFrom
5935227968,"Lepomis gibbosus (Linnaeus, 1758)",Lepomis gibbosus,Pumpkinseed,Animalia,Chordata,,Perciformes,Centrarchidae,Lepomis,SPECIES,2394486,2394486,LC,Least Concern,2023-08-30T12:54,2023,8,30,42.902855,20.867781,15,,,Mitrovicë e Veriut / Severna Kosovska Mitrovica,Mitrovicë / Kosovska Mitrovica,,,FALSE,HUMAN_OBSERVATION,,,Stamatis Zogaris,Stamatis Zogaris,iNaturalist,Observations,331445884,50c9509d-22c7-4a22-a47d-8c48425ef4a7,CC_BY_NC_4_0,COORDINATE_ROUNDED;COUNTRY_DERIVED_FROM_COORDINATES;CONTINENT_DERIVED_FROM_COORDINATES;TAXON_ID_NOT_FOUND,TRUE,2019-08-15
5761084538,Ailanthus altissima (Mill.) Swingle,Ailanthus altissima,Tree-of-Heaven,Plantae,Tracheophyta,Magnoliopsida,Sapindales,Simaroubaceae,Ailanthus,SPECIES,3190653,3190653,LC,Least Concern,2025-08-05T19:00:44,2025,8,5,42.664495,21.165272,40,,,Prishtinë / Priština,Prishtinë / Priština,,,FALSE,HUMAN_OBSERVATION,,,James K. Wetterer,James K. Wetterer,iNaturalist,Observations,304034509,50c9509d-22c7-4a22-a47d-8c48425ef4a7,CC_BY_NC_4_0,COORDINATE_ROUNDED;COUNTRY_DERIVED_FROM_COORDINATES;CONTINENT_DERIVED_FROM_COORDINATES;TAXON_ID_NOT_FOUND,TRUE,2019-08-15
5154213869,"Ondatra zibethicus (Linnaeus, 1766)",Ondatra zibethicus,Muskrat,Animalia,Chordata,Mammalia,Rodentia,Cricetidae,Ondatra,SPECIES,5219858,5219858,LC,Least Concern,2025-03-09T11:55:22,2025,3,9,42.581313,21.04865,21,,,Lipjan / Lipljan,Prishtinë / Priština,Ligatina e Hencit/ Radevës,Wetlands,FALSE,HUMAN_OBSERVATION,,,Granit Ahmeti,Lefebvre Maxence,iNaturalist,Observations,265166168,50c9509d-22c7-4a22-a47d-8c48425ef4a7,CC_BY_NC_4_0,COORDINATE_ROUNDED;COUNTRY_DERIVED_FROM_COORDINATES;CONTINENT_DERIVED_FROM_COORDINATES;TAXON_ID_NOT_FOUND,TRUE,2017-08-02
4947508361,"Ondatra zibethicus (Linnaeus, 1766)",Ondatra zibethicus,Muskrat,Animalia,Chordata,Mammalia,Rodentia,Cricetidae,Ondatra,SPECIES,5219858,5219858,LC,Least Concern,,,,,42.857573,20.938798,7071,,,Vushtrri / Vučitrn,Mitrovicë / Kosovska Mitrovica,,,FALSE,MATERIAL_SAMPLE,1,,Belgrade : Natural History Museum,,Belgrade : Natural History Museum,,,9d44512b-1bc3-47e9-b186-73b2aff9f38e,CC0_1_0,COORDINATE_ROUNDED;COUNTRY_INVALID;COUNTRY_DERIVED_FROM_COORDINATES;CONTINENT_DERIVED_FROM_COORDINATES;INSTITUTION_MATCH_NONE;TAXON_MATCH_FUZZY,TRUE,2017-08-02
4947508359,"Ondatra zibethicus (Linnaeus, 1766)",Ondatra zibethicus,Muskrat,Animalia,Chordata,Mammalia,Rodentia,Cricetidae,Ondatra,SPECIES,5219858,5219858,LC,Least Concern,,,,,43.127594,20.815588,7071,,,Leposaviq / Leposavić,Mitrovicë / Kosovska Mitrovica,,,FALSE,MATERIAL_SAMPLE,1,,Belgrade : Natural History Museum,,Belgrade : Natural History Museum,,,9d44512b-1bc3-47e9-b186-73b2aff9f38e,CC0_1_0,COORDINATE_ROUNDED;COUNTRY_INVALID;COUNTRY_DERIVED_FROM_COORDINATES;CONTINENT_DERIVED_FROM_COORDINATES;INSTITUTION_MATCH_NONE;TAXON_MATCH_FUZZY,TRUE,2017-08-02
4424684447,Impatiens glandulifera Royle,Impatiens glandulifera,Himalayan Balsam,Plantae,Tracheophyta,Magnoliopsida,Ericales,Balsaminaceae,Impatiens,SPECIES,2891770,2891770,NE,Not Evaluated,2023-10-08T12:46:48,2023,10,8,42.265499,21.100333,,,,Shtërpcë / Štrpce,Ferizaj / Uroševac,,,FALSE,HUMAN_OBSERVATION,,,annahd,wojciech,iNaturalist,Observations,186871174,50c9509d-22c7-4a22-a47d-8c48425ef4a7,CC_BY_NC_4_0,COORDINATE_ROUNDED;COUNTRY_DERIVED_FROM_COORDINATES;CONTINENT_DERIVED_FROM_COORDINATES;TAXON_ID_NOT_FOUND,TRUE,2017-08-02
3999018272,Ailanthus altissima (Mill.) Swingle,Ailanthus altissima,Tree-of-Heaven,Plantae,Tracheophyta,Magnoliopsida,Sapindales,Simaroubaceae,Ailanthus,SPECIES,3190653,3190653,LC,Least Concern,2022-09-29T10:33:10.780Z,2022,9,29,42.621533,20.572778,35,381.59,,Klinë / Klina,Pejë / Peć,,,FALSE,HUMAN_OBSERVATION,1,,,,,,,14d5676a-2c54-4f94-9023-1e8dcd822aa0,CC_BY_4_0,COORDINATE_ROUNDED;COUNTRY_DERIVED_FROM_COORDINATES;CONTINENT_DERIVED_FROM_COORDINATES,TRUE,2019-08-15
3959792590,Ailanthus altissima (Mill.) Swingle,Ailanthus altissima,Tree-of-Heaven,Plantae,Tracheophyta,Magnoliopsida,Sapindales,Simaroubaceae,Ailanthus,SPECIES,3190653,3190653,LC,Least Concern,2022-07-16T15:40:36.908Z,2022,7,16,42.650958,21.141706,5,581.71,,Prishtinë / Priština,Prishtinë / Priština,,,FALSE,HUMAN_OBSERVATION,1,,,,,,,14d5676a-2c54-4f94-9023-1e8dcd822aa0,CC_BY_4_0,COORDINATE_ROUNDED;COUNTRY_DERIVED_FROM_COORDINATES;CONTINENT_DERIVED_FROM_COORDINATES,TRUE,2019-08-15
3957985505,Ailanthus altissima (Mill.) Swingle,Ailanthus altissima,Tree-of-Heaven,Plantae,Tracheophyta,Magnoliopsida,Sapindales,Simaroubaceae,Ailanthus,SPECIES,3190653,3190653,LC,Least Concern,2022-07-14T08:16:21.919Z,2022,7,14,42.650958,21.141706,5,581.71,,Prishtinë / Priština,Prishtinë / Priština,,,FALSE,HUMAN_OBSERVATION,1,,,,,,,14d5676a-2c54-4f94-9023-1e8dcd822aa0,CC_BY_4_0,COORDINATE_ROUNDED;COUNTRY_DERIVED_FROM_COORDINATES;CONTINENT_DERIVED_FROM_COORDINATES,TRUE,2019-08-15
3954892847,Ailanthus altissima (Mill.) Swingle,Ailanthus altissima,Tree-of-Heaven,Plantae,Tracheophyta,Magnoliopsida,Sapindales,Simaroubaceae,Ailanthus,SPECIES,3190653,3190653,LC,Least Concern,2022-06-29T12:49:30Z,2022,6,29,42.650833,21.141111,12,622,,Prishtinë / Priština,Prishtinë / Priština,,,FALSE,HUMAN_OBSERVATION,1,,,,,,,14d5676a-2c54-4f94-9023-1e8dcd822aa0,CC_BY_4_0,COORDINATE_ROUNDED;COUNTRY_DERIVED_FROM_COORDINATES;CONTINENT_DERIVED_FROM_COORDINATES,TRUE,2019-08-15
3951489516,Ailanthus altissima (Mill.) Swingle,Ailanthus altissima,Tree-of-Heaven,Plantae,Tracheophyta,Magnoliopsida,Sapindales,Simaroubaceae,Ailanthus,SPECIES,3190653,3190653,LC,Least Concern,2021-05-29T11:17:01.154Z,2021,5,29,42.63918,20.279295,5,639.03,,Pejë / Peć,Pejë / Peć,,,FALSE,HUMAN_OBSERVATION,1,,,,,,,14d5676a-2c54-4f94-9023-1e8dcd822aa0,CC_BY_4_0,COUNTRY_DERIVED_FROM_COORDINATES;CONTINENT_DERIVED_FROM_COORDINATES,TRUE,2019-08-15
3902245858,Ailanthus altissima (Mill.) Swingle,Ailanthus altissima,Tree-of-Heaven,Plantae,Tracheophyta,Magnoliopsida,Sapindales,Simaroubaceae,Ailanthus,SPECIES,3190653,3190653,LC,Least Concern,2022-08-25T09:53:17,2022,8,25,42.660464,21.169886,,,,Prishtinë / Priština,Prishtinë / Priština,,,FALSE,HUMAN_OBSERVATION,,,Nart Barileva,Nart Barileva,iNaturalist,Observations,132286519,50c9509d-22c7-4a22-a47d-8c48425ef4a7,CC0_1_0,COORDINATE_ROUNDED;COUNTRY_DERIVED_FROM_COORDINATES;CONTINENT_DERIVED_FROM_COORDINATES;TAXON_ID_NOT_FOUND,TRUE,2019-08-15
3889154646,Ailanthus altissima (Mill.) Swingle,Ailanthus altissima,Tree-of-Heaven,Plantae,Tracheophyta,Magnoliopsida,Sapindales,Simaroubaceae,Ailanthus,SPECIES,3190653,3190653,LC,Least Concern,2022-08-03T11:28:47,2022,8,3,42.659092,21.160078,,,,Prishtinë / Priština,Prishtinë / Priština,,,FALSE,HUMAN_OBSERVATION,,,Nart Barileva,Nart Barileva,iNaturalist,Observations,129254828,50c9509d-22c7-4a22-a47d-8c48425ef4a7,CC0_1_0,COORDINATE_ROUNDED;COUNTRY_DERIVED_FROM_COORDINATES;CONTINENT_DERIVED_FROM_COORDINATES;TAXON_ID_NOT_FOUND,TRUE,2019-08-15
3068066406,"Pseudorasbora parva (Temminck & Schlegel, 1846)",Pseudorasbora parva,Topmouth Gudgeon,Animalia,Chordata,,Cypriniformes,Cyprinidae,Pseudorasbora,SPECIES,2362868,2362868,LC,Least Concern,2017-05-24T18:36,2017,5,24,42.36009,20.511611,150,,,Gjakovë / Đakovica,Gjakovë / Đakovica,,,FALSE,HUMAN_OBSERVATION,,,thephoxinus,thephoxinus,iNaturalist,Observations,71786779,50c9509d-22c7-4a22-a47d-8c48425ef4a7,CC_BY_NC_4_0,COORDINATE_ROUNDED;COUNTRY_DERIVED_FROM_COORDINATES;CONTINENT_DERIVED_FROM_COORDINATES;TAXON_ID_NOT_FOUND,TRUE,2016-08-03
1610511004,"Pseudorasbora parva (Temminck & Schlegel, 1846)",Pseudorasbora parva,Topmouth Gudgeon,Animalia,Chordata,,Cypriniformes,Cyprinidae,Pseudorasbora,SPECIES,2362868,2362868,LC,Least Concern,1992,1992,,,42.347444,20.565806,,,Beli Drim river-locality Vrbnica-Zrze,Rahovec / Orahovac,Gjakovë / Đakovica,,,FALSE,OCCURRENCE,,,,,"Institute for Multidisciplinary Research, University of Belgrade",,,9c4e36c1-d3f9-49ce-8ec1-8c434fa9e6eb,CC0_1_0,COORDINATE_ROUNDED;GEODETIC_DATUM_ASSUMED_WGS84;CONTINENT_DERIVED_FROM_COORDINATES,TRUE,2016-08-03
1610510980,"Pseudorasbora parva (Temminck & Schlegel, 1846)",Pseudorasbora parva,Topmouth Gudgeon,Animalia,Chordata,,Cypriniformes,Cyprinidae,Pseudorasbora,SPECIES,2362868,2362868,LC,Least Concern,1992,1992,,,42.169972,20.561806,,,Beli Drim river,Prizren,Prizren,Mali Pashtrik dhe Liqeni i Vërmices,Nature Park,FALSE,OCCURRENCE,,,,,"Institute for Multidisciplinary Research, University of Belgrade",,,9c4e36c1-d3f9-49ce-8ec1-8c434fa9e6eb,CC0_1_0,COORDINATE_ROUNDED;GEODETIC_DATUM_ASSUMED_WGS84;CONTINENT_DERIVED_FROM_COORDINATES,TRUE,2016-08-03
1133934264,"Lepomis gibbosus (Linnaeus, 1758)",Lepomis gibbosus,Pumpkinseed,Animalia,Chordata,,Perciformes,Centrarchidae,Lepomis,SPECIES,2394486,2394486,LC,Least Concern,1983,1983,,,43.10543,20.7964,,,Ibr River at Leposavić.,Leposaviq / Leposavić,Mitrovicë / Kosovska Mitrovica,,,FALSE,OCCURRENCE,,introduced,,bng,Dinaric Research Institute,BIB West Balkans,2775,fc77b814-5596-4959-a779-30027a6507de,CC0_1_0,GEODETIC_DATUM_ASSUMED_WGS84;CONTINENT_DERIVED_FROM_COORDINATES,TRUE,2019-08-15
1133934261,"Pseudorasbora parva (Temminck & Schlegel, 1846)",Pseudorasbora parva,Topmouth Gudgeon,Animalia,Chordata,,Cypriniformes,Cyprinidae,Pseudorasbora,SPECIES,2362868,2362868,LC,Least Concern,1983,1983,,,43.10543,20.7964,,,Ibr River at Leposavić.,Leposaviq / Leposavić,Mitrovicë / Kosovska Mitrovica,,,FALSE,OCCURRENCE,,introduced,,bng,Dinaric Research Institute,BIB West Balkans,2766,fc77b814-5596-4959-a779-30027a6507de,CC0_1_0,GEODETIC_DATUM_ASSUMED_WGS84;CONTINENT_DERIVED_FROM_COORDINATES,TRUE,2016-08-03
1133934253,"Lepomis gibbosus (Linnaeus, 1758)",Lepomis gibbosus,Pumpkinseed,Animalia,Chordata,,Perciformes,Centrarchidae,Lepomis,SPECIES,2394486,2394486,LC,Least Concern,1983,1983,,,42.97344,20.81386,,,Ibr River at mouth of Bistrica River.,Zveçan / Zvečan,Mitrovicë / Kosovska Mitrovica,,,FALSE,OCCURRENCE,,introduced,,bng,Dinaric Research Institute,BIB West Balkans,2746,fc77b814-5596-4959-a779-30027a6507de,CC0_1_0,GEODETIC_DATUM_ASSUMED_WGS84;CONTINENT_DERIVED_FROM_COORDINATES,TRUE,2019-08-15
1133934218,"Pseudorasbora parva (Temminck & Schlegel, 1846)",Pseudorasbora parva,Topmouth Gudgeon,Animalia,Chordata,,Cypriniformes,Cyprinidae,Pseudorasbora,SPECIES,2362868,2362868,LC,Least Concern,1983,1983,,,42.97344,20.81386,,,Ibr River at mouth of Bistrica River.,Zveçan / Zvečan,Mitrovicë / Kosovska Mitrovica,,,FALSE,OCCURRENCE,,introduced,,bng,Dinaric Research Institute,BIB West Balkans,2737,fc77b814-5596-4959-a779-30027a6507de,CC0_1_0,GEODETIC_DATUM_ASSUMED_WGS84;CONTINENT_DERIVED_FROM_COORDINATES,TRUE,2016-08-03
1133934204,"Pseudorasbora parva (Temminck & Schlegel, 1846)",Pseudorasbora parva,Topmouth Gudgeon,Animalia,Chordata,,Cypriniformes,Cyprinidae,Pseudorasbora,SPECIES,2362868,2362868,LC,Least Concern,1983,1983,,,42.91629,20.83573,,,Ibr River at Zvečan.,Zveçan / Zvečan,Mitrovicë / Kosovska Mitrovica,,,FALSE,OCCURRENCE,,introduced,,bng,Dinaric Research Institute,BIB West Balkans,2708,fc77b814-5596-4959-a779-30027a6507de,CC0_1_0,GEODETIC_DATUM_ASSUMED_WGS84;CONTINENT_DERIVED_FROM_COORDINATES,TRUE,2016-08-03
1133934189,"Lepomis gibbosus (Linnaeus, 1758)",Lepomis gibbosus,Pumpkinseed,Animalia,Chordata,,Perciformes,Centrarchidae,Lepomis,SPECIES,2394486,2394486,LC,Least Concern,,,,,42.8825,20.8475,,,Ibr River in Titova Mitrovica [Kosovska Mitrovica].,Mitrovicë e Jugut / Kosovska Mitrovica,Mitrovicë / Kosovska Mitrovica,,,FALSE,OCCURRENCE,,introduced,,bng,Dinaric Research Institute,BIB West Balkans,2688,fc77b814-5596-4959-a779-30027a6507de,CC0_1_0,GEODETIC_DATUM_ASSUMED_WGS84;CONTINENT_DERIVED_FROM_COORDINATES,TRUE,2019-08-15
1133934182,"Lepomis gibbosus (Linnaeus, 1758)",Lepomis gibbosus,Pumpkinseed,Animalia,Chordata,,Perciformes,Centrarchidae,Lepomis,SPECIES,2394486,2394486,LC,Least Concern,1983,1983,,,42.91629,20.83573,,,Ibr River at Zvečan.,Zveçan / Zvečan,Mitrovicë / Kosovska Mitrovica,,,FALSE,OCCURRENCE,,introduced,,bng,Dinaric Research Institute,BIB West Balkans,2717,fc77b814-5596-4959-a779-30027a6507de,CC0_1_0,GEODETIC_DATUM_ASSUMED_WGS84;CONTINENT_DERIVED_FROM_COORDINATES,TRUE,2019-08-15
1133934179,"Pseudorasbora parva (Temminck & Schlegel, 1846)",Pseudorasbora parva,Topmouth Gudgeon,Animalia,Chordata,,Cypriniformes,Cyprinidae,Pseudorasbora,SPECIES,2362868,2362868,LC,Least Concern,,,,,42.8825,20.8475,,,Ibr River in Titova Mitrovica [Kosovska Mitrovica].,Mitrovicë e Jugut / Kosovska Mitrovica,Mitrovicë / Kosovska Mitrovica,,,FALSE,OCCURRENCE,,introduced,,bng,Dinaric Research Institute,BIB West Balkans,2679,fc77b814-5596-4959-a779-30027a6507de,CC0_1_0,GEODETIC_DATUM_ASSUMED_WGS84;CONTINENT_DERIVED_FROM_COORDINATES,TRUE,2016-08-03
