clc_code,clc_label,level1,colour
111,Continuous urban fabric,Artificial surfaces,#E6004D
112,Discontinuous urban fabric,Artificial surfaces,#FF0000
121,Industrial or commercial units,Artificial surfaces,#CC4DF2
122,Road and rail networks and associated land,Artificial surfaces,#CC0000
123,Port areas,Artificial surfaces,#E6CCCC
124,Airports,Artificial surfaces,#E6CCE6
131,Mineral extraction sites,Artificial surfaces,#A600CC
132,Dump sites,Artificial surfaces,#A64D00
133,Construction sites,Artificial surfaces,#FF4DFF
141,Green urban areas,Artificial surfaces,#FFA6FF
142,Sport and leisure facilities,Artificial surfaces,#FFE6FF
211,Non-irrigated arable land,Agricultural areas,#FFFFA8
212,Permanently irrigated land,Agricultural areas,#FFFF00
213,Rice fields,Agricultural areas,#E6E600
221,Vineyards,Agricultural areas,#E68000
222,Fruit trees and berry plantations,Agricultural areas,#F2A64D
223,Olive groves,Agricultural areas,#E6A600
231,Pastures,Agricultural areas,#E6E64D
241,Annual crops associated with permanent crops,Agricultural areas,#FFE6A6
242,Complex cultivation patterns,Agricultural areas,#FFE64D
243,"Land principally occupied by agriculture, with significant areas of natural vegetation",Agricultural areas,#E6CC4D
244,Agro-forestry areas,Agricultural areas,#F2CCA6
311,Broad-leaved forest,Forest and semi-natural areas,#80FF00
312,Coniferous forest,Forest and semi-natural areas,#00A600
313,Mixed forest,Forest and semi-natural areas,#4DFF00
321,Natural grasslands,Forest and semi-natural areas,#CCF24D
322,Moors and heathland,Forest and semi-natural areas,#A6FF80
323,Sclerophyllous vegetation,Forest and semi-natural areas,#A6E64D
324,Transitional woodland-shrub,Forest and semi-natural areas,#A6F200
331,"Beaches, dunes, sands",Forest and semi-natural areas,#E6E6E6
332,Bare rocks,Forest and semi-natural areas,#CCCCCC
333,Sparsely vegetated areas,Forest and semi-natural areas,#CCFFCC
334,Burnt areas,Forest and semi-natural areas,#000000
335,Glaciers and perpetual snow,Forest and semi-natural areas,#A6E6CC
411,Inland marshes,Wetlands,#A6A6FF
412,Peat bogs,Wetlands,#4D4DFF
421,Salt marshes,Wetlands,#CCCCFF
422,Salines,Wetlands,#E6E6FF
423,Intertidal flats,Wetlands,#A6A6E6
511,Water courses,Water bodies,#00CCF2
512,Water bodies,Water bodies,#80F2E6
521,Coastal lagoons,Water bodies,#00FFA6
522,Estuaries,Water bodies,#A6FFE6
523,Sea and ocean,Water bodies,#E6F2FF
