clc_code,clc_label,natural_status,habitat_group,candidate_annex1,confidence,note,biogeo_region
111,Continuous urban fabric,not natural,,,,,
112,Discontinuous urban fabric,not natural,,,,,
121,Industrial or commercial units,not natural,,,,,
122,Road and rail networks and associated land,not natural,,,,,
123,Port areas,not natural,,,,,
124,Airports,not natural,,,,,
131,Mineral extraction sites,not natural,,,,,
132,Dump sites,not natural,,,,,
133,Construction sites,not natural,,,,,
141,Green urban areas,not natural,,,,,
142,Sport and leisure facilities,not natural,,,,,
211,Non-irrigated arable land,not natural,,,,,
212,Permanently irrigated land,not natural,,,,,
213,Rice fields,not natural,,,,,
221,Vineyards,not natural,,,,,
222,Fruit trees and berry plantations,not natural,,,,,
223,Olive groves,not natural,,,,,
231,Pastures,semi-natural,Grasslands,6510; 6520; 6210,low,only if extensively managed; CLC cannot tell,
241,Annual crops associated with permanent crops,not natural,,,,,
242,Complex cultivation patterns,not natural,,,,,
243,"Land principally occupied by agriculture, with significant areas of natural vegetation",semi-natural,Grasslands,6510; 6210,low,"mosaic, fragments only",
244,Agro-forestry areas,not natural,,,,,
311,Broad-leaved forest,semi-natural,Forests,91K0; 9130; 9150; 91M0; 9180*; 91E0*; 92A0,medium,"forest type depends on elevation, substrate, biogeography; riparian types rarely resolved at 25 ha MMU. Review: the Moesian beech forests of the central Balkans have their own Annex I type, 91W0, which is not in this list",
312,Coniferous forest,semi-natural,Forests,9410; 95A0; 9530*,medium,may include plantations. Review: 91BA Moesian silver fir forests is also in Annex I and is not in this list,
313,Mixed forest,semi-natural,Forests,91K0; 9410; 9180*,medium,"Review: as for 311, 91W0 Moesian beech forests is not in this list",
321,Natural grasslands,natural,Grasslands,6170; 6150; 6210; 62A0,high,"Review: 62D0 Oro-Moesian acidophilous grasslands and 6230* species-rich Nardus grasslands are in Annex I, belong to siliceous Balkan mountains, and are not in this list",
322,Moors and heathland,natural,Heath & scrub,4060; 4070*,high,,
323,Sclerophyllous vegetation,natural,Heath & scrub,,low,unexpected in Kosovo; report any occurrence,
324,Transitional woodland-shrub,semi-natural,Heath & scrub,5130,low,often abandonment/clearfell,
331,"Beaches, dunes, sands",natural,Freshwater,3220; 3240,low,inland: river gravel bars,
332,Bare rocks,natural,Rocky habitats,8120; 8210; 8220,high,,
333,Sparsely vegetated areas,natural,Rocky habitats,6170; 6150; 8120,medium,,
334,Burnt areas,not natural,,,,"Not in the draft crosswalk. Natural vegetation burnt at the time of mapping; review whether to treat it as the forest, scrub or grassland it replaced",
335,Glaciers and perpetual snow,not natural,,,,does not occur in Kosovo,
411,Inland marshes,natural,Wetlands & mires,7230; 7140; 6430,medium,,
412,Peat bogs,natural,Wetlands & mires,7140,high,,
421,Salt marshes,not natural,,,,coastal class; cannot occur in landlocked Kosovo,
422,Salines,not natural,,,,coastal class; cannot occur in landlocked Kosovo,
423,Intertidal flats,not natural,,,,coastal class; cannot occur in landlocked Kosovo,
511,Water courses,natural,Freshwater,3260; 3220; 3240,low,,
512,Water bodies,natural,Freshwater,3150,low,"large reservoirs (e.g. Gazivoda/Ujmani) are artificial; flag, don't count as natural",
521,Coastal lagoons,not natural,,,,coastal class; cannot occur in landlocked Kosovo,
522,Estuaries,not natural,,,,coastal class; cannot occur in landlocked Kosovo,
523,Sea and ocean,not natural,,,,marine class; cannot occur in landlocked Kosovo,
