datasetKey,datasetTitle,datasetDOI,datasetLicense,publisherKey,publisher
50c9509d-22c7-4a22-a47d-8c48425ef4a7,iNaturalist Research-grade Observations,10.15468/ab3s5x,http://creativecommons.org/licenses/by-nc/4.0/legalcode,28eb1a3f-1c15-4a95-931a-4af90ecb574d,iNaturalist.org
e96fe4cb-0770-4514-abc2-f0dde2ed52b4,Palacký University Olomouc - Herbarium OL,10.15468/bxms8d,http://creativecommons.org/licenses/by/4.0/legalcode,4c22b91d-aea3-46ba-8b43-3151fb0776fb,"Palacký University in Olomouc, herbarium of Department of Botany (OL)"
8a863029-f435-446a-821e-275f4f641165,"Observation.org, Nature data from around the World",10.15468/5nilie,http://creativecommons.org/licenses/by-nc/4.0/legalcode,c8d737e0-2ff8-42e8-b8fc-6b805d26fc5f,Observation.org
d8cd16ba-bb74-4420-821e-083f2bac17c2,INSDC Sequences,10.15468/sbmztx,http://creativecommons.org/licenses/by/4.0/legalcode,ada9d123-ddb4-467d-8891-806ea8d94230,European Nucleotide Archive (EMBL-EBI)
5a0e04be-8c60-4c92-8ae1-d19ef71d45ca,An open occurrence dataset for European subterranean spiders,10.15468/f4xjdb,http://creativecommons.org/licenses/by/4.0/legalcode,e8f79b81-11bb-4881-9f42-1b46bd4cfbc6,Consiglio Nazionale delle Ricerche - Istituto di Ricerca sulle Acque
905daf20-04fd-11df-8c28-b8a03c50a862,Herbarium of Umeå University (UME),10.15468/gatdg4,http://creativecommons.org/publicdomain/zero/1.0/legalcode,065e3c2a-35f3-44f6-9ae0-ee5d1f19eec5,Umeå University
040c5662-da76-4782-a48e-cdea1892d14c,International Barcode of Life project (iBOL),10.15468/inygc6,http://creativecommons.org/licenses/by/4.0/legalcode,b3bf3a83-1f68-4541-a03f-330d30d567f5,The International Barcode of Life Consortium
43411a7a-1503-4391-9791-e33801752053,VectorDistributionStatus_2026,10.15468/7e3bwm,http://creativecommons.org/licenses/by/4.0/legalcode,8f9f9814-a595-4bc3-8631-776ba3c9c62e,VectorNet
82a65706-f762-11e1-a439-00145eb45e9a,"Amphibian, Reptile Collection (MHNG-HERP) of Muséum d'histoire naturelle de Genève",10.15468/iftvxc,http://creativecommons.org/licenses/by/4.0/legalcode,9661d20d-86b6-4485-8948-f3c86b022fa7,Swiss Natural History Collections - SwissNatColl
ae329700-43ce-4bbe-9e60-dd8140ca8ca7,Herbarium PR,10.15468/nkm7fr,http://creativecommons.org/licenses/by/4.0/legalcode,17e8fde5-9144-49c8-a893-87138e95b0b7,National Museum in Prague
bd14614c-4d72-4763-8710-1cea514311cc,EUKARYOME: the rRNA gene reference database for identification of eukaryotes,10.15468/ehkbkt,http://creativecommons.org/licenses/by/4.0/legalcode,0870a77b-587c-4369-a8ed-bc3d347b8e1c,PlutoF
d714382d-5890-4234-ae81-696eeb53658a,Mushroom Observer,10.15468/wwcmna,http://creativecommons.org/licenses/by-nc/4.0/legalcode,b873c239-a68e-4133-ae0b-0c534101f7b5,"Mushroom Observer, Inc."
aab0cf80-0c64-11dd-84d1-b8a03c50a862,Lund University Biological Museum - Botanical collection (LD),10.15468/c4w4co,http://creativecommons.org/licenses/by-nc/4.0/legalcode,c0758a16-296b-4ec3-97fd-8a057d9060f3,Lund University Biological Museum
0b0735e0-624d-4abb-abba-91a2733adea4,Charles University Prague - Herbarium PRC,10.15468/8xrt7r,http://creativecommons.org/licenses/by/4.0/legalcode,75ed8583-8bd8-4f82-9346-75b234fe4682,Charles University - Herbarium collections & Department of Botany
4a2e5415-dc09-47a2-8073-8503fb42eabd,Field data of VectorNet priority mosquito species occurrence in Balkan countries and southern Italy,10.15468/5ehq93,http://creativecommons.org/licenses/by/4.0/legalcode,edb608fc-230b-42d0-802a-99e292e52106,European Food Safety Authority
53d694e3-2e85-4996-ab1b-e4a54bd4d66d,Systematic literature review on the distribution of priority sandflies species within the VectorNet geographical area,10.15468/j9nqaj,http://creativecommons.org/licenses/by/4.0/legalcode,edb608fc-230b-42d0-802a-99e292e52106,European Food Safety Authority
54f946aa-2ca9-4a51-9ee5-011219e0381e,Masaryk University - Herbarium BRNU,10.15468/soarvd,http://creativecommons.org/licenses/by/4.0/legalcode,9a4467a2-eccd-4aa7-bb6d-aea3a31f2a2c,"Masaryk University, Department of Botany and Zoology"
c5af1e42-d20b-4b76-8454-616b81c8c891,Systematic literature review on the distribution of priority tick species within the VectorNet geographical area,10.15468/kuu7tr,http://creativecommons.org/licenses/by/4.0/legalcode,edb608fc-230b-42d0-802a-99e292e52106,European Food Safety Authority
7f5260c2-f762-11e1-a439-00145eb45e9a,"Natural History Museum, Vienna - Herbarium W",10.15468/5sl7sh,http://creativecommons.org/licenses/by/4.0/legalcode,4e11d750-bafb-11d9-8e53-b8a03c50a862,"Natural History Museum, Vienna"
0a0d9258-39aa-46c3-89b6-7595ea9813a8,"One new genus Najas (Hydrocharitaceae) and four new vascular plant records for Kosovo: Lycopodium, Najas and two Cyperus species",10.3897/bdj.14.e181774,http://creativecommons.org/licenses/by/4.0/legalcode,750a8724-fa66-4c27-b645-bd58ac5ee010,Biodiversity Data Journal
11033038-e6b4-47f0-96a1-9b3fe15e8eb9,"Taxonomic and nomenclatorial notes on the Catoptria coulonellus (Duponchel) species group with description of five new species from Western Balkans (Lepidoptera: Pyraloidea, Crambidae)",10.15468/crw32w,http://creativecommons.org/publicdomain/zero/1.0/legalcode,7ce8aef0-9e92-11dc-8738-b8a03c50a862,Plazi.org taxonomic treatments database
fb9863f4-68cf-4e90-bc4d-2b15bdebf889,Entomologische Sammlung (ETHZ-ENT) of Eidgenössische Technische Hochschule Zürich,10.15468/9jutqw,http://creativecommons.org/licenses/by/4.0/legalcode,9661d20d-86b6-4485-8948-f3c86b022fa7,Swiss Natural History Collections - SwissNatColl
137dab23-0589-4dc6-8e3d-5eb2849d88c0,Orchid observations derived from HabiProt Orhideje database in Serbia,10.15468/9772pe,http://creativecommons.org/licenses/by-nc/4.0/legalcode,786d0d05-2e99-491a-81b7-54eaaf954b08,HabiProt
6ac3f774-d9fb-4796-b3e9-92bf6c81c084,NABU|naturgucker,10.15468/uc1apo,http://creativecommons.org/licenses/by/4.0/legalcode,bb646dff-a905-4403-a49b-6d378c2cf0d9,naturgucker.de
2282809d-f37b-4568-9164-72ca2d17227b,izeltlabuak.hu observations validated to species level,10.15468/rsmdu9,http://creativecommons.org/licenses/by-nc/4.0/legalcode,1ecaad1e-29a1-4af8-8098-40d942ae522d,izeltlabuak.hu
6286d149-28b8-43eb-ae1c-b4bc4ca4789b,Published_records_of_Northwestern_Balkans_Leptodirini,10.15468/kdzsts,http://creativecommons.org/licenses/by/4.0/legalcode,750a8724-fa66-4c27-b645-bd58ac5ee010,Biodiversity Data Journal
13b5b867-b66b-4dc0-b9aa-824aaaf58048,Notes on the genus Pulsatilla (Ranunculaceae) in Kosovo – Southeast Europe,10.15468/bqsk3q,http://creativecommons.org/publicdomain/zero/1.0/legalcode,adfff58c-db96-431d-9064-527cf09b0485,Plant Ecology and Evolution
b2390da7-9704-4215-b038-3727df6e7fee,VectorDistributionStatus_2025,10.15468/7ek6d9,http://creativecommons.org/licenses/by/4.0/legalcode,8f9f9814-a595-4bc3-8631-776ba3c9c62e,VectorNet
4abd984b-122c-44a0-8c92-b37e2f5299b1,VectorNet observations,10.15468/f3k8r9,http://creativecommons.org/licenses/by/4.0/legalcode,8f9f9814-a595-4bc3-8631-776ba3c9c62e,VectorNet
0afba960-be3b-4202-a7de-736ae05aec9e,"University of Vienna, Institute for Botany - Herbarium WU",10.15468/tnj8wm,http://creativecommons.org/licenses/by/4.0/legalcode,58520c30-bafb-11d9-8e53-b8a03c50a862,University of Vienna - Herbarium WU
cd6e21c8-9e8a-493a-8a76-fbf7862069e5,"Royal Botanic Gardens, Kew - Herbarium Specimens",10.15468/ly60bx,http://creativecommons.org/licenses/by/4.0/legalcode,061b4f20-f241-11da-a328-b8a03c50a862,"Royal Botanic Gardens, Kew"
4fa7b334-ce0d-4e88-aaae-2e0c138d049e,EOD – eBird Observation Dataset,10.15468/aomfnb,http://creativecommons.org/licenses/by/4.0/legalcode,e2e717bf-551a-4917-bdc9-4fa0f342c530,Cornell Lab of Ornithology
857cea12-f762-11e1-a439-00145eb45e9a,Herbarium Senckenbergianum (GLM) - Plantae,10.15468/1cvts9,http://creativecommons.org/licenses/by/4.0/legalcode,c76cf030-2a95-11da-9cc1-b8a03c50a862,Senckenberg
28138e27-d62e-4a52-b3c3-c614498dc125,Anchusella cretica (Boraginaceae): a new genus and species record for the flora of Kosovo (Southeast Europe),10.3897/bdj.13.e164900,http://creativecommons.org/licenses/by/4.0/legalcode,750a8724-fa66-4c27-b645-bd58ac5ee010,Biodiversity Data Journal
d92e92e0-8d20-4756-a60b-3746f408c14c,Arthropod observations derived from HabiProt Alciphron database in Serbia,10.15468/wxymrq,http://creativecommons.org/licenses/by-nc/4.0/legalcode,786d0d05-2e99-491a-81b7-54eaaf954b08,HabiProt
6ff8b3b0-ef0f-4f79-a310-5a5615c6aa0b,Birda - Global Observation Dataset,10.15468/6kud7x,http://creativecommons.org/licenses/by-nc/4.0/legalcode,0c6d40e3-5d96-4a2d-9342-b02833aaa766,Birda
61bde304-eb7f-4fb7-ad8d-615545a066c4,"First DNA barcoding of Dysderidae (Araneae) from Kosovo, with new records and the description of a new species of Harpactea Bristowe, 1939",10.15468/3fwxhy,http://creativecommons.org/publicdomain/zero/1.0/legalcode,7ce8aef0-9e92-11dc-8738-b8a03c50a862,Plazi.org taxonomic treatments database
96596036-f762-11e1-a439-00145eb45e9a,Collection Arachnology SMF,10.15468/fiz2j5,http://creativecommons.org/licenses/by/4.0/legalcode,c76cf030-2a95-11da-9cc1-b8a03c50a862,Senckenberg
882161ab-5a7a-4206-b757-3f3383f4f363,Griffon Vulture movement on the Balkans,10.15468/k68juc,http://creativecommons.org/licenses/by/4.0/legalcode,6ec477c4-baf2-4cce-a767-99dece981906,Fund for Wild Flora and Fauna
88e57c5d-3a21-4a48-a178-0fb4bb439978,"Corythucha arcuata (Say, 1832) (Hemiptera, Tingidae) an invasive pest, with a review of the recent invasion of alien species to Kosovo",10.15468/7w3qks,http://creativecommons.org/publicdomain/zero/1.0/legalcode,7ce8aef0-9e92-11dc-8738-b8a03c50a862,Plazi.org taxonomic treatments database
4929bf85-a058-4f58-a133-4250ef0b5e1c,"Description of a new Eratigena Bolzern, Burckhardt & Hänggi, 2013 (Arachnida: Araneae: Agelenidae) from the Balkans based on an integrative approach",10.15468/fr374c,http://creativecommons.org/publicdomain/zero/1.0/legalcode,7ce8aef0-9e92-11dc-8738-b8a03c50a862,Plazi.org taxonomic treatments database
7a3679ef-5582-4aaa-81f0-8c2545cafc81,Pl@ntNet observations,10.15468/gtebaa,http://creativecommons.org/licenses/by/4.0/legalcode,da86174a-a605-43a4-a5e8-53d484152cd3,Pl@ntNet
4edd9396-59df-4b01-9e29-dc21a59f9963,University of British Columbia Herbarium (UBC) - Bryophytes Collection,10.5886/5rr9fbb6,http://creativecommons.org/publicdomain/zero/1.0/legalcode,b542788f-0dc2-4a2b-b652-fceced449591,University of British Columbia
3ccfe992-043a-4fff-951d-1e6e158854da,Mammal records for Europe via the iMammalia app,10.15468/a8ngn5,http://creativecommons.org/licenses/by/4.0/legalcode,0c392aa0-a452-4254-be5c-e49dd60e9b02,Biological Records Centre
d74890a5-0979-4413-8914-a587e4ece7e7,University of Tartu Natural History Museum and Botanical Garden  DNA and Environmental Sample Collections,10.15468/ed3ukm,http://creativecommons.org/licenses/by/4.0/legalcode,cc483d69-50e9-4463-8eb6-41fc459fa485,"University of Tartu, Natural History Museum and Botanical Garden"
c01ca253-97ad-4cdf-85f2-d0c00c34bc8e,"Tinodes lumbardhi sp. nov. (Trichoptera, Psychomyiidae), a new species from the Lumbardhi i Deçanit River in Kosovo",10.3897/bdj.13.e143104,http://creativecommons.org/licenses/by/4.0/legalcode,750a8724-fa66-4c27-b645-bd58ac5ee010,Biodiversity Data Journal
85714c48-f762-11e1-a439-00145eb45e9a,"Herbarium Berolinense, Berlin (B)",10.15468/dlwwhz,http://creativecommons.org/publicdomain/zero/1.0/legalcode,57254bd0-8256-11d8-b7ed-b8a03c50a862,Botanic Garden and Botanical Museum Berlin
5830fa3c-497c-4d37-b771-bd6c84997f2c,Steiermärkisches Landesmuseum Joanneum - Herbarium GJO,10.15468/dmdck6,http://creativecommons.org/licenses/by/4.0/legalcode,32ceedc0-bafb-11d9-8e53-b8a03c50a862,Steiermärkisches Landesmuseum Joanneum - Herbarium GJO
f5150949-32df-475a-8365-2b34584b474b,Podujeva WWTP Project Biodiversity Survey Results,10.15468/zrdxaj,http://creativecommons.org/licenses/by/4.0/legalcode,1b0c957e-9bb8-49f4-9067-1a235998a8e1,ENOVA d.o.o. Sarajevo
9d44512b-1bc3-47e9-b186-73b2aff9f38e,Small mammals of Yugoslavia 1992 atlas,10.15468/7cpnhn,http://creativecommons.org/licenses/by/4.0/legalcode,826e5964-1925-48e4-a839-f4b418e75260,"National Museum of Natural History, Bulgarian Academy of Sciences"
c7873abd-0b32-46c4-be78-52abd1d82b54,"Description of Mesophylax isly sp. nov. (Trichoptera, Limnephilidae) from Morocco, and new genus records from the Balkans",10.15468/xcpg45,http://creativecommons.org/publicdomain/zero/1.0/legalcode,7ce8aef0-9e92-11dc-8738-b8a03c50a862,Plazi.org taxonomic treatments database
1fef1ead-3d02-495e-8ff1-6aeb01123408,Mosquito Alert Dataset,10.15470/t5a1os,http://creativecommons.org/publicdomain/zero/1.0/legalcode,7f7b1e09-01e5-4eb3-8dc0-6a3a6bea9a5c,CREAF - Centre de Recerca Ecològica i Aplicacions Forestals
f778a6eb-aac6-430e-889c-9d9b4e328747,"Potamophylax kosovaensis sp. nov. (Trichoptera, Limnephilidae), a new species of the Potamophylax winneguthi species cluster from the Ibër River Basin in Kosovo",10.3897/bdj.12.e121454,http://creativecommons.org/licenses/by/4.0/legalcode,750a8724-fa66-4c27-b645-bd58ac5ee010,Biodiversity Data Journal
0d1f9cee-7cb7-4d3a-a8c4-d2ca6edcd23b,NHMD Vascular Plants Collection,10.15468/4zygkn,http://creativecommons.org/licenses/by/4.0/legalcode,2e7df380-8356-4533-bcb3-5459e23c794e,Natural History Museum of Denmark
4eb20c92-816d-4a89-bf2a-484791f2966d,"Cochlostoma Jan, 1830 revised: an overview of the subgenus Turritus Westerlund, 1883 and its species (Caenogastropoda, Cochlostomatidae)",10.15468/ga434d,http://creativecommons.org/publicdomain/zero/1.0/legalcode,a064f300-1bc8-41ea-9364-b864ef4e8938,European Journal of Taxonomy
7e380070-f762-11e1-a439-00145eb45e9a,Natural History Museum (London) Collection Specimens,10.5519/qd.20dz6blc,http://creativecommons.org/publicdomain/zero/1.0/legalcode,19456090-b49a-11d8-abeb-b8a03c50a862,Natural History Museum
ecce3417-d4fd-4fab-9009-09ad3f3f62b3,Xeno-canto - Orthoptera sounds from around the world,10.15468/76yp6j,http://creativecommons.org/licenses/by-nc/4.0/legalcode,1f00d75c-f6fc-4224-a595-975e82d7689c,Xeno-canto Foundation for Nature Sounds
064508e2-255e-4d82-9f13-05d73476cc03,United Herbaria of the University and ETH Zurich,10.15468/tjvqci,http://creativecommons.org/licenses/by/4.0/legalcode,605e7170-1123-11d9-8433-b8a03c50a862,United Herbaria of the University and ETH Zurich (Z+ZT)
f5783452-6ff5-4bef-8f30-9adfeba81bd7,Paleontological Research Institution Collections,10.15468/gcs4df,http://creativecommons.org/publicdomain/zero/1.0/legalcode,cc17c672-0c7d-492f-9252-c7ddacd1df78,Paleontological Research Institution
ecafe5de-e81e-4766-848d-326fafd87876,Herbarium UGDA - Vascular Plants Collection,10.15468/6hrs5u,http://creativecommons.org/licenses/by/4.0/legalcode,e3f07310-a215-11da-beae-b8a03c50a862,University of Gdańsk
a004778c-d113-479e-a77f-990041283a51,Santa Barbara Museum of Natural History - Invertebrate Zoology,10.15468/e8txdn,http://creativecommons.org/licenses/by-nc/4.0/legalcode,78678140-1815-11da-9544-b8a03c50a862,Santa Barbara Museum of Natural History
966426ce-f762-11e1-a439-00145eb45e9a,Herbarium Senckenbergianum (FR),10.15468/ucmdjy,http://creativecommons.org/licenses/by/4.0/legalcode,c76cf030-2a95-11da-9cc1-b8a03c50a862,Senckenberg
15cda1e2-65c9-4893-9777-de2d86a4c4f2,Checklist of the earthworms of Albania (Oligochaeta: Lumbricidae),10.15468/hbnjen,http://creativecommons.org/publicdomain/zero/1.0/legalcode,7ce8aef0-9e92-11dc-8738-b8a03c50a862,Plazi.org taxonomic treatments database
2f7c33b3-ea7a-40ac-a3b7-bace96f978f7,Type locality distributions from the World Register of Marine Species,10.15468/nmcdsv,http://creativecommons.org/licenses/by/4.0/legalcode,2089ce96-4fb5-4a20-999c-3ccf45a27a4d,Flanders Marine Institute
e1539f14-f749-4f73-8c18-3355277f94f4,World distribution of the aquatic Oligochaeta,10.15468/2ywn3u,http://creativecommons.org/licenses/by/4.0/legalcode,0870a77b-587c-4369-a8ed-bc3d347b8e1c,PlutoF
0f83123f-0c04-4556-8f4d-5a4e2a9bac66,Aphyllophorales externi,10.15468/grb76u,http://creativecommons.org/licenses/by/4.0/legalcode,e5585950-488e-11db-a1c2-b8a03c50a862,Finnish Museum of Natural History -  Botany and Mycology Unit
b70fb651-6d0c-4856-90a7-89a08fa458f8,Lichen Collections (H): Type specimens of lichen-forming fungi,10.15468/q5vge4,http://creativecommons.org/licenses/by/4.0/legalcode,e5585950-488e-11db-a1c2-b8a03c50a862,Finnish Museum of Natural History -  Botany and Mycology Unit
569cd2a4-3d2b-48fa-b017-394b3a642098,"Potamophylax humoinsapiens sp. n. (Trichoptera, Limnephilidae), a new species from the Sharr Mountains, Republic of Kosovo",10.3897/bdj.11.e97969,http://creativecommons.org/licenses/by/4.0/legalcode,750a8724-fa66-4c27-b645-bd58ac5ee010,Biodiversity Data Journal
14d5676a-2c54-4f94-9023-1e8dcd822aa0,Pl@ntNet automatically identified occurrences,10.15468/mma2ec,http://creativecommons.org/licenses/by/4.0/legalcode,da86174a-a605-43a4-a5e8-53d484152cd3,Pl@ntNet
857bce66-f762-11e1-a439-00145eb45e9a,ZOBODAT (Zoological Botanical Database),10.15468/ynjblx,http://creativecommons.org/publicdomain/zero/1.0/legalcode,2d6e0e40-2aee-11d8-aa2d-b8a03c50a862,Biologiezentrum Linz Oberoesterreich
d446193a-7bbd-4c76-b90a-2546fcafa85c,Herbarium Dresdense,10.15468/qwjw7w,http://creativecommons.org/licenses/by/4.0/legalcode,e27f5129-68bb-48eb-81b5-2e9f50c71817,"Botanischer Garten, TU Dresden"
393b8c26-e4e0-4dd0-a218-93fc074ebf4e,INSDC Host Organism Sequences,10.15468/e97kmy,http://creativecommons.org/licenses/by/4.0/legalcode,ada9d123-ddb4-467d-8891-806ea8d94230,European Nucleotide Archive (EMBL-EBI)
355ffa2e-36ce-44aa-9772-2f433169100c,ZFMK Mammalia collection,10.15468/gwqwux,http://creativecommons.org/licenses/by/4.0/legalcode,6e1cad80-bdf5-11d8-84ea-b8a03c50a862,Leibniz Institute for the Analysis of Biodiversity Change (LIB)
e8e1610d-ca60-413c-8a2b-6e46b9e12057,ZFMK Orthoptera collection,10.15468/t3yz95,http://creativecommons.org/licenses/by/4.0/legalcode,6e1cad80-bdf5-11d8-84ea-b8a03c50a862,Leibniz Institute for the Analysis of Biodiversity Change (LIB)
263bbfe7-f643-43bb-b448-f0705d1c0e18,ZFMK Herpetology collection,10.15468/px1sya,http://creativecommons.org/licenses/by/4.0/legalcode,6e1cad80-bdf5-11d8-84ea-b8a03c50a862,Leibniz Institute for the Analysis of Biodiversity Change (LIB)
712dba38-74cc-4704-87c0-63d1bf8484bc,"BirdMap Data - GPS tracking of Storks, Cranes and birds of prey, breeding in Northern and Eastern Europe",10.15468/vnwmrx,http://creativecommons.org/licenses/by-nc/4.0/legalcode,0870a77b-587c-4369-a8ed-bc3d347b8e1c,PlutoF
03269e13-84ae-430f-990e-f11069413e36,AIMSurv Aedes Invasive Mosquito species harmonized surveillance in Europe. AIM-COST Action,10.15470/vs3677,http://creativecommons.org/publicdomain/zero/1.0/legalcode,e37fc40e-0541-4ffa-8a4c-0426d73804e8,Universitat de les Illes Balears
84b18cce-083a-4464-bee8-25b2083a17cd,Natural History Collections of the Faculty of Biology AMU,10.15468/54hgbz,http://creativecommons.org/licenses/by/4.0/legalcode,5480dea7-2a71-409b-a832-cbc5f1b5a2e6,Adam Mickiewicz University in Poznań
b740eaa0-0679-41dc-acb7-990d562dfa37,Meise Botanic Garden Herbarium (BR),10.15468/wrthhx,http://creativecommons.org/licenses/by/4.0/legalcode,a344ee9f-f1b7-4761-be2c-58ee6d741395,Meise Botanic Garden
e0459621-92c2-40ac-9934-72b3b1384dc3,NHMD Entomology Collection,10.15468/nnobcm,http://creativecommons.org/licenses/by/4.0/legalcode,2e7df380-8356-4533-bcb3-5459e23c794e,Natural History Museum of Denmark
402a90d1-8180-43c4-bd7d-5799d2da6e7f,"Diptera Holarctic (MZH/Luomus, Helsinki, Finland)",10.15468/jkhnnu,http://creativecommons.org/licenses/by/4.0/legalcode,39adeab9-6ec9-4c56-801e-7144d0eb630c,Finnish Museum of Natural History - Zoology Unit
2a1034af-7400-4e8c-b21b-3837926a9682,Coleoptera Palaearctic (Luomus) (PC),10.15468/vvf3sv,http://creativecommons.org/licenses/by/4.0/legalcode,39adeab9-6ec9-4c56-801e-7144d0eb630c,Finnish Museum of Natural History - Zoology Unit
a1d9fbbf-6c9b-4af4-bd6a-86337c789bb2,Phengaris,10.15468/tgkatp,http://creativecommons.org/licenses/by-nc/4.0/legalcode,8f9a6e03-a0ee-4a60-a08f-32463f36adeb,Musée des Confluences
4ce8e3f9-2546-4af1-b28d-e2eadf05dfd4,National Herbarium of Victoria (MEL) AVH data,10.15468/rhzrxw,http://creativecommons.org/licenses/by/4.0/legalcode,215fad6d-884d-4127-9635-fad209824cdf,Royal Botanic Gardens Victoria
965bbbd8-f762-11e1-a439-00145eb45e9a,Collection Mollusca SMF,10.15468/ohuexz,http://creativecommons.org/licenses/by/4.0/legalcode,c76cf030-2a95-11da-9cc1-b8a03c50a862,Senckenberg
374edb5d-8b71-4dfb-96f3-4ac464965d1d,Contribution to the knowledge of Limoniidae (Diptera: Tipuloidea): first records of 244 species from various European countries,10.3897/bdj.9.e67085,http://creativecommons.org/licenses/by/4.0/legalcode,750a8724-fa66-4c27-b645-bd58ac5ee010,Biodiversity Data Journal
35629239-0512-4efe-b342-fb7d613460ec,"Potamophylax coronavirus sp. n. (Trichoptera: Limnephilidae), a new species from Bjeshkët e Nemuna National Park in the Republic of Kosovo, with molecular and ecological notes",10.3897/bdj.9.e64486,http://creativecommons.org/licenses/by/4.0/legalcode,750a8724-fa66-4c27-b645-bd58ac5ee010,Biodiversity Data Journal
a307e4d7-1de2-4adc-95d5-a0a8d5f57236,Natural History Museum Rotterdam - Specimens,10.15468/kwqaay,http://creativecommons.org/licenses/by-nc/4.0/legalcode,3ead5cf3-2840-482e-bbd9-76380825be63,Natural History Museum Rotterdam
77678b97-f9c0-4037-8920-bd99a728c385,Distributional data on high altitude endemic taxa of beetles (Coleoptera) from neighbouring border areas of western Balkans,10.15468/mrj6pv,http://creativecommons.org/licenses/by-nc/4.0/legalcode,856529fb-02f1-4539-80c1-174f7231ef0f,Macedonian Ecological Society
6b5003f4-5ede-4dae-becb-c3c9094cd57d,Distributional data on high altitude endemic taxa of vascular plants from western Balkans,10.15468/4cfhz6,http://creativecommons.org/licenses/by-nc/4.0/legalcode,856529fb-02f1-4539-80c1-174f7231ef0f,Macedonian Ecological Society
a1e3d691-c4d9-4fdd-a52c-d6f377f57769,Classic localities of aquatic Arthropoda from the Western Balkans,10.15468/hv94tx,http://creativecommons.org/licenses/by-nc/4.0/legalcode,856529fb-02f1-4539-80c1-174f7231ef0f,Macedonian Ecological Society
e7731ade-2877-467e-a9d7-ac19cb1dafb4,Classic localities of terrestrial Mollusca from the Western Balkans,10.15468/8gf8cu,http://creativecommons.org/licenses/by-nc/4.0/legalcode,856529fb-02f1-4539-80c1-174f7231ef0f,Macedonian Ecological Society
eddd4649-f6e6-4c26-82d9-10367bb26dc9,Classic localities of cave dwelling Arthropoda (excl. Coleoptera) from the Western Balkans,10.15468/qhezg8,http://creativecommons.org/licenses/by-nc/4.0/legalcode,856529fb-02f1-4539-80c1-174f7231ef0f,Macedonian Ecological Society
8138eb72-f762-11e1-a439-00145eb45e9a,RBINS DaRWIN,10.15468/qxy4mc,http://creativecommons.org/licenses/by-nc/4.0/legalcode,e88c96a3-5884-4e51-a580-e417ca4c9eed,Royal Belgian Institute of Natural Sciences
0c4bf92b-95c9-4a2a-9756-67d98195459f,RBINS Bird collection,10.15468/4gzrjh,http://creativecommons.org/licenses/by-nc/4.0/legalcode,e88c96a3-5884-4e51-a580-e417ca4c9eed,Royal Belgian Institute of Natural Sciences
1af83152-24f7-4df7-afbc-b213b62175bb,Estonian University of Life Sciences Institute of Agricultural and Environmental Sciences Entomological Collection,10.15468/qn6223,http://creativecommons.org/licenses/by-nc/4.0/legalcode,32859580-c30c-4367-8a8a-71f00fc9f833,Estonian University of Life Sciences
c1492854-5d15-40e9-9ee7-24a18ac05112,Biodiversitätsdatenbank Salzburg,10.15468/3pf855,http://creativecommons.org/licenses/by-nc/4.0/legalcode,7a070ba0-bafb-11d9-8e53-b8a03c50a862,"Haus der Natur Salzburg, Museum für Natur und Technik"
d740f242-6c26-4229-9a8f-b63bfab63dc6,"GalliForm: Galliformes occurrence records from the Indo-Malay and Palaearctic, 1800-2008",10.15468/9825yw,http://creativecommons.org/licenses/by/4.0/legalcode,2963d877-8230-45bd-a223-544376275120,Newcastle University
69bbc9fb-a432-4945-bb4f-654bff3bc2de,Classic localities of endemic beetles (Coleoptera) from the Western Balkans,10.15468/89yerk,http://creativecommons.org/licenses/by-nc/4.0/legalcode,856529fb-02f1-4539-80c1-174f7231ef0f,Macedonian Ecological Society
834a4794-f762-11e1-a439-00145eb45e9a,Colección de plantas vasculares del herbario de la Universitat de València (VAL),10.15468/xmki52,http://creativecommons.org/licenses/by-nc/4.0/legalcode,8209258a-80e8-4094-aba2-a3febe5ed45b,"Botanical Garden, University of Valencia"
932e5fce-3e7d-4b29-9275-d0ea5a84e4b9,"Distribution of two rare taxa of caddisflies (Trichoptera: Rhyacophilidae, Polycentropodidae) from the Republic of Kosovo",10.3897/bdj.7.e46466,http://creativecommons.org/licenses/by/4.0/legalcode,750a8724-fa66-4c27-b645-bd58ac5ee010,Biodiversity Data Journal
15f819bd-6612-4447-854b-14d12ee1022d,Naturalis Biodiversity Center (NL) - Botany,10.15468/ib5ypt,http://creativecommons.org/publicdomain/zero/1.0/legalcode,396d5f30-dea9-11db-8ab4-b8a03c50a862,Naturalis Biodiversity Center
b1047888-ae52-4179-9dd5-5448ea342a24,Xeno-canto - Bird sounds from around the world,10.15468/qv0ksn,http://creativecommons.org/licenses/by-nc/4.0/legalcode,1f00d75c-f6fc-4224-a595-975e82d7689c,Xeno-canto Foundation for Nature Sounds
292a71df-588b-48fa-9ab5-29ae868ba88c,Bird ringing and recovery database (TIPU),10.15468/kht1r3,http://creativecommons.org/licenses/by/4.0/legalcode,39adeab9-6ec9-4c56-801e-7144d0eb630c,Finnish Museum of Natural History - Zoology Unit
962f59bc-f762-11e1-a439-00145eb45e9a,Collections and observation data National Museum of Natural History Luxembourg,10.15468/s2iu7d,http://creativecommons.org/publicdomain/zero/1.0/legalcode,75642970-f855-11dd-8235-b8a03c50a862,"National Museum of Natural History, Luxembourg"
c711c16e-8db5-4f66-aa06-03d9e472fbbc,"The Fungal, Lichen and Plant Collections at the Herbarium Marburgense",10.15468/7o2xuw,http://creativecommons.org/licenses/by/4.0/legalcode,0674aea0-a7e1-11d8-9534-b8a03c50a862,Staatliche Naturwissenschaftliche Sammlungen Bayerns
7b84c0a2-f762-11e1-a439-00145eb45e9a,Collection Crustacea - ZMB,10.15468/fwghff,http://creativecommons.org/licenses/by/4.0/legalcode,c76cf030-2a95-11da-9cc1-b8a03c50a862,Senckenberg
4bfac3ea-8763-4f4b-a71a-76a6f5f243d3,"Museum of Comparative Zoology, Harvard University",10.15468/p5rupv,http://creativecommons.org/licenses/by-nc/4.0/legalcode,b4640710-8e03-11d8-b956-b8a03c50a862,"Museum of Comparative Zoology, Harvard University"
72309d40-0c1f-47d6-8008-33e687b7df7a,ZFMK DORSA,10.15468/iihdbo,http://creativecommons.org/licenses/by/4.0/legalcode,6e1cad80-bdf5-11d8-84ea-b8a03c50a862,Leibniz Institute for the Analysis of Biodiversity Change (LIB)
fb8ae15d-e30c-44b4-8f61-0bb0c1d90ff9,Herbarium GZU,10.15468/axtkuz,http://creativecommons.org/licenses/by/4.0/legalcode,43587ad0-bafb-11d9-8e53-b8a03c50a862,University of Graz
733158b0-1495-11de-bab0-b8a03c50a862,KTU Herbarium - Pinophyta collection,10.15468/ophisb,http://creativecommons.org/licenses/by-nc/4.0/legalcode,4668d6a0-130d-11db-a7d3-b8a03c50a862,University of Silesia in Katowice
bb5b30b4-827e-4d5e-a86a-825d65cb6583,Paleobiology Database,10.15468/jfqhiu,http://creativecommons.org/licenses/by/4.0/legalcode,b711353c-44d7-4e8b-90c5-16fea0d247e0,Paleobiology Database
9c4e36c1-d3f9-49ce-8ec1-8c434fa9e6eb,Freshwater fishes of Serbia and Montenegro,10.13148/bfcf12,http://creativecommons.org/publicdomain/zero/1.0/legalcode,b872b075-9ab5-4e27-b6c6-5add6b890379,BioFresh
07044577-bd82-4089-9f3a-f4a9d2170b2e,A global database for the distributions of crop wild relatives,10.15468/jyrthk,http://creativecommons.org/licenses/by/4.0/legalcode,fee3882f-5360-4f01-a1ca-767c48fa629c,Centro Internacional de Agricultura Tropical - CIAT
9060319d-ceb2-44ac-9423-efaa4a88214f,Prime Hoverfly (Insecta: Diptera: Syrphidae) Areas (PHA) as a conservation tool in Serbia,10.15468/qequn8,http://creativecommons.org/licenses/by-nc/4.0/legalcode,088741fa-d695-4cec-ae3b-9c6dc4539ca1,"Department of Biology and Ecology, Faculty of Sciences, University of Novi Sad, Serbia"
c779b049-28f3-4daf-bbf4-0a40830819b6,EBCC Atlas of European Breeding Birds,10.15468/adtfvf,http://creativecommons.org/licenses/by/4.0/legalcode,d3f94e8a-bb06-4d2b-89a6-6cd66abfa66c,European Bird Census Council (EBCC)
fc77b814-5596-4959-a779-30027a6507de,Freshwater fishes of the Western Balkans,10.13148/bfcf13,http://creativecommons.org/publicdomain/zero/1.0/legalcode,b872b075-9ab5-4e27-b6c6-5add6b890379,BioFresh
de4ddd94-937b-4acc-9009-3d9e348c9ea1,"Three new country records from the genus Limnephilus Leach, 1815 (Trichoptera: Limnephilidae) from the Republic of Kosovo",10.15468/1pzhvy,http://creativecommons.org/licenses/by/4.0/legalcode,750a8724-fa66-4c27-b645-bd58ac5ee010,Biodiversity Data Journal
7d8ed137-1d30-42f1-8b78-12a4957e4690,SysTax -  Zoological Collections,10.15468/zyqkbl,http://creativecommons.org/licenses/by/4.0/legalcode,021121c0-f040-11d8-b22f-b8a03c50a862,SysTax
b5cdf794-8fa4-4a85-8b26-755d087bf531,The vascular plants collection (P) at the Herbarium of the Muséum national d'Histoire Naturelle (MNHN - Paris),10.15468/nc6rxy,http://creativecommons.org/licenses/by/4.0/legalcode,2cd829bb-b713-433d-99cf-64bef11e5b3e,MNHN - Museum national d'Histoire naturelle
96b54e8c-f762-11e1-a439-00145eb45e9a,"Ohio State Acarology Laboratory (OSAL), Ohio State University",10.15468/dzwr2y,http://creativecommons.org/licenses/by/4.0/legalcode,5ffa575c-fcd4-4583-9611-545f67b04316,"Museum of Biological Diversity, The Ohio State University"
84ab7b76-f762-11e1-a439-00145eb45e9a,"Triplehorn Insect Collection, The Ohio State University",10.15468/efb17f,http://creativecommons.org/licenses/by/4.0/legalcode,5ffa575c-fcd4-4583-9611-545f67b04316,"Museum of Biological Diversity, The Ohio State University"
96867b98-f762-11e1-a439-00145eb45e9a,SINGER Coordinator,10.15468/oya7kn,http://creativecommons.org/licenses/by/4.0/legalcode,a3c228d0-3110-11db-abb8-b8a03c50a862,Bioversity International
85802736-f762-11e1-a439-00145eb45e9a,United States National Plant Germplasm System Collection,10.15468/ce7fox,http://creativecommons.org/licenses/by/4.0/legalcode,9ae75ccd-0ee8-4dd4-a412-3bbcc3ed4b26,USDA Agricultural Research Service (ARS)
bc3b0bf0-e245-11dd-ab80-b8a03c50a862,World flea collection of Slovenian Museum of Natural History (excluding Slovenia),10.15468/th6dfi,http://creativecommons.org/licenses/by/4.0/legalcode,3b331240-abea-11d9-a96c-b8a03c50a862,Prirodoslovni muzej Slovenije
865df020-f762-11e1-a439-00145eb45e9a,"EURISCO, The European Genetic Resources Search Catalogue",10.15468/a3lnmd,http://creativecommons.org/licenses/by/4.0/legalcode,a3c228d0-3110-11db-abb8-b8a03c50a862,Bioversity International
84c91672-f762-11e1-a439-00145eb45e9a,Bryotropha (Lepidoptera: Gelechiidae) in Western Palaearctic,10.15468/a3lljm,http://creativecommons.org/licenses/by/4.0/legalcode,2e7df380-8356-4533-bcb3-5459e23c794e,Natural History Museum of Denmark
85818aea-f762-11e1-a439-00145eb45e9a,The System-wide Information Network for Genetic Resources (SINGER),10.15468/uw1buh,http://creativecommons.org/licenses/by/4.0/legalcode,a3c228d0-3110-11db-abb8-b8a03c50a862,Bioversity International
ceff8c75-950b-4405-a116-60247d1adacb,"Herbario de la Facultad de Ciencias Biológicas de la Universidad Complutense de Madrid (MACB, Profesora Maruja Carrasco)",10.15470/akznrb,http://creativecommons.org/licenses/by-nc/4.0/legalcode,21936918-2ce6-4314-a15e-91f9f6735361,"Departamento de Biodiversidad, Ecología y Evolución, Unidad Docente de Botánica. Fac. de Ciencias Biológicas, Univ. Complutense de Madrid"
d8a37dba-3d99-4634-ab4f-7b8d010c1a6a,Mammals of Montenegro,10.15468/jr2me6,http://creativecommons.org/licenses/by/4.0/legalcode,8b0e355f-e02d-471d-b03a-e6ff4657dd1f,Wildlife Montenegro
61a9ca38-b62f-11e2-afcb-00145eb45e9a,Fungus Collections at Staatliches Museum für Naturkunde Karlsruhe (Herbarium KR),10.15468/0bhhip,http://creativecommons.org/licenses/by/4.0/legalcode,0674aea0-a7e1-11d8-9534-b8a03c50a862,Staatliche Naturwissenschaftliche Sammlungen Bayerns
902c8fe7-8f38-45b0-854e-c324fed36303,Moscow University Herbarium (MW),10.15468/cpnhcc,http://creativecommons.org/licenses/by/4.0/legalcode,f5fc4e61-b7a0-414b-ab68-b41cb23e7fdc,Lomonosov Moscow State University
