scientific_name,english_name,listing_act,applies_from,gbif_usage_key,gbif_species_key,gbif_species,match_type,matched_rank,matched_name,kingdom,phylum,class,order,family,alternative_name,in_gbif_checklist,source_celex,verbatim_entry
Acacia mearnsii,Black wattle,Implementing Regulation (EU) 2025/1422,2025-08-07,2979775,2979775,Acacia mearnsii,EXACT,SPECIES,Acacia mearnsii,Plantae,Tracheophyta,Magnoliopsida,Fabales,Fabaceae,,TRUE,02016R1141-20250807,"Acacia mearnsii [as ‘mearnsi’] De Wild., Pl. Bequaert. 3: 61 (1925)"
Acacia saligna,Golden wreath wattle,Implementing Regulation (EU) 2019/1262,2019-08-15,2978552,2978552,Acacia saligna,EXACT,SPECIES,Acacia saligna,Plantae,Tracheophyta,Magnoliopsida,Fabales,Fabaceae,Acacia cyanophylla,TRUE,02016R1141-20250807,Acacia saligna (Labill.) H.L.Wendl. ( Acacia cyanophylla Lindl.)
Acridotheres cristatellus,Crested myna,Implementing Regulation (EU) 2025/1422,2025-08-07,2489010,2489010,Acridotheres cristatellus,EXACT,SPECIES,Acridotheres cristatellus,Animalia,Chordata,Aves,Passeriformes,Sturnidae,,TRUE,02016R1141-20250807,"Acridotheres cristatellus (Linnaeus, 1758)"
Acridotheres tristis,Common myna,Implementing Regulation (EU) 2019/1262,2019-08-15,2489005,2489005,Acridotheres tristis,EXACT,SPECIES,Acridotheres tristis,Animalia,Chordata,Aves,Passeriformes,Sturnidae,,TRUE,02016R1141-20250807,"Acridotheres tristis Linnaeus, 1766"
Ailanthus altissima,Tree of heaven,Implementing Regulation (EU) 2019/1262,2019-08-15,3190653,3190653,Ailanthus altissima,EXACT,SPECIES,Ailanthus altissima,Plantae,Tracheophyta,Magnoliopsida,Sapindales,Simaroubaceae,,TRUE,02016R1141-20250807,Ailanthus altissima (Mill.) Swingle
Alopochen aegyptiacus,Egyptian goose,Implementing Regulation (EU) 2017/1263,2017-08-02,2498252,2498252,Alopochen aegyptiaca,VARIANT,SPECIES,Alopochen aegyptiacus,Animalia,Chordata,Aves,Anseriformes,Anatidae,,TRUE,02016R1141-20250807,"Alopochen aegyptiacus Linnaeus, 1766"
Alternanthera philoxeroides,Alligator weed,Implementing Regulation (EU) 2017/1263,2017-08-02,3084923,3084923,Alternanthera philoxeroides,EXACT,SPECIES,Alternanthera philoxeroides,Plantae,Tracheophyta,Magnoliopsida,Caryophyllales,Amaranthaceae,,TRUE,02016R1141-20250807,Alternanthera philoxeroides (Mart.) Griseb.
Ameiurus melas,Black bullhead,Implementing Regulation (EU) 2022/1203,2022-08-02,2340977,2340977,Ameiurus melas,EXACT,SPECIES,Ameiurus melas,Animalia,Chordata,,Siluriformes,Ictaluridae,,TRUE,02016R1141-20250807,"Ameiurus melas (Rafinesque, 1820)"
Andropogon virginicus,Broomsedge bluestem,Implementing Regulation (EU) 2019/1262,2019-08-15,2706080,2706080,Andropogon virginicus,EXACT,SPECIES,Andropogon virginicus,Plantae,Tracheophyta,Liliopsida,Poales,Poaceae,,TRUE,02016R1141-20250807,Andropogon virginicus L.
Arthurdendyus triangulatus,New Zealand flatworm,Implementing Regulation (EU) 2019/1262,2019-08-15,2502792,2502792,Arthurdendyus triangulatus,EXACT,SPECIES,Arthurdendyus triangulatus,Animalia,Platyhelminthes,,Tricladida,Geoplanidae,,TRUE,02016R1141-20250807,"Arthurdendyus triangulatus (Dendy, 1894) Jones & Gerard (1999)"
Asclepias syriaca,Common milkweed,Implementing Regulation (EU) 2017/1263,2017-08-02,3170247,3170247,Asclepias syriaca,EXACT,SPECIES,Asclepias syriaca,Plantae,Tracheophyta,Magnoliopsida,Gentianales,Apocynaceae,,TRUE,02016R1141-20250807,Asclepias syriaca L.
Asterias amurensis,Northern pacific seastar,Implementing Regulation (EU) 2025/1422,2025-08-07,5187508,5187508,Asterias amurensis,EXACT,SPECIES,Asterias amurensis,Animalia,Echinodermata,Asteroidea,Forcipulatida,Asteriidae,,TRUE,02016R1141-20250807,"Asterias amurensis Lutken, 1871"
Axis axis,axis deer,Implementing Regulation (EU) 2022/1203,2022-08-02,2440934,2440934,Axis axis,EXACT,SPECIES,Axis axis,Animalia,Chordata,Mammalia,Artiodactyla,Cervidae,,TRUE,02016R1141-20250807,"Axis axis (Erxleben, 1777)"
Baccharis halimifolia,Eastern baccharis,Implementing Regulation (EU) 2016/1141,2016-08-03,3129663,3129663,Baccharis halimifolia,EXACT,SPECIES,Baccharis halimifolia,Plantae,Tracheophyta,Magnoliopsida,Asterales,Asteraceae,,TRUE,02016R1141-20250807,Baccharis halimifolia L.
Bipalium kewense,Arrowhead flatworm,Implementing Regulation (EU) 2025/1422,2025-08-07,2502938,2502938,Bipalium kewense,EXACT,SPECIES,Bipalium kewense,Animalia,Platyhelminthes,,Tricladida,Geoplanidae,,TRUE,02016R1141-20250807,"Bipalium kewense Moseley, 1868"
Brachyponera chinensis,Asian needle-ant,Implementing Regulation (EU) 2025/1422,2025-08-07,10314173,1319870,Pachycondyla chinensis,EXACT,SPECIES,Brachyponera chinensis,Animalia,Arthropoda,Insecta,Hymenoptera,Formicidae,,TRUE,02016R1141-20250807,"Brachyponera chinensis (Emery, 1895)"
Broussonetia papyrifera,Paper mulberry,Implementing Regulation (EU) 2025/1422,2025-08-07,5361944,5361944,Broussonetia papyrifera,EXACT,SPECIES,Broussonetia papyrifera,Plantae,Tracheophyta,Magnoliopsida,Rosales,Moraceae,,TRUE,02016R1141-20250807,Broussonetia papyrifera (L.) L'Hér ex Vent.
Cabomba caroliniana,Fanwort,Implementing Regulation (EU) 2016/1141,2016-08-03,2882443,2882443,Cabomba caroliniana,EXACT,SPECIES,Cabomba caroliniana,Plantae,Tracheophyta,Magnoliopsida,Nymphaeales,Cabombaceae,,TRUE,02016R1141-20250807,Cabomba caroliniana Gray
Callosciurus erythraeus,Pallas' squirrel,Implementing Regulation (EU) 2016/1141,2016-08-03,2437394,2437394,Callosciurus erythraeus,EXACT,SPECIES,Callosciurus erythraeus,Animalia,Chordata,Mammalia,Rodentia,Sciuridae,,TRUE,02016R1141-20250807,"Callosciurus erythraeus Pallas, 1779"
Callosciurus finlaysonii,Finlayson's squirrel,Implementing Regulation (EU) 2022/1203,2022-08-02,2437399,2437399,Callosciurus finlaysonii,EXACT,SPECIES,Callosciurus finlaysonii,Animalia,Chordata,Mammalia,Rodentia,Sciuridae,,TRUE,02016R1141-20250807,"Callosciurus finlaysonii (Horsfield, 1823)"
Cardiospermum grandiflorum,Balloon vine,Implementing Regulation (EU) 2019/1262,2019-08-15,3189935,3189935,Cardiospermum grandiflorum,EXACT,SPECIES,Cardiospermum grandiflorum,Plantae,Tracheophyta,Magnoliopsida,Sapindales,Sapindaceae,,TRUE,02016R1141-20250807,Cardiospermum grandiflorum Sw.
Castor canadensis,North American beaver,Implementing Regulation (EU) 2025/1422,2027-08-07,2439838,2439838,Castor canadensis,EXACT,SPECIES,Castor canadensis,Animalia,Chordata,Mammalia,Rodentia,Castoridae,,TRUE,32025R1422,Castor canadensis
Celastrus orbiculatus,Oriental bittersweet,Implementing Regulation (EU) 2022/1203,2027-08-02,3169169,3169169,Celastrus orbiculatus,EXACT,SPECIES,Celastrus orbiculatus,Plantae,Tracheophyta,Magnoliopsida,Celastrales,Celastraceae,,TRUE,32022R1203,Celastrus orbiculatus
Cenchrus setaceus,Crimson fountaingrass,Implementing Regulation (EU) 2017/1263,2017-08-02,5828232,5828232,Cenchrus setaceus,EXACT,SPECIES,Cenchrus setaceus,Plantae,Tracheophyta,Liliopsida,Poales,Poaceae,Pennisetum setaceum,TRUE,02016R1141-20250807,M4 Cenchrus setaceus (Forssk.) Morrone (Pennisetum setaceum (Forssk.) Chiov.)
Cervus nippon,Sika dear,Implementing Regulation (EU) 2025/1422,2025-08-07,2440954,2440954,Cervus nippon,EXACT,SPECIES,Cervus nippon,Animalia,Chordata,Mammalia,Artiodactyla,Cervidae,,TRUE,02016R1141-20250807,"Cervus nippon Temminck, 1838"
Channa argus,northern snakehead,Implementing Regulation (EU) 2022/1203,2022-08-02,4284921,4284921,Channa argus,EXACT,SPECIES,Channa argus,Animalia,Chordata,,Perciformes,Channidae,,TRUE,02016R1141-20250807,"Channa argus (Cantor, 1842)"
Cherax destructor,Common yabby,Implementing Regulation (EU) 2025/1422,2025-08-07,4417558,4417558,Cherax destructor,EXACT,SPECIES,Cherax destructor,Animalia,Arthropoda,Malacostraca,Decapoda,Parastacidae,,TRUE,02016R1141-20250807,"Cherax destructor Clark, 1936"
Cipangopaludina chinensis,Chinese mystery snail,Implementing Regulation (EU) 2025/1422,2025-08-07,9738098,9738098,Cipangopaludina chinensis,EXACT,SPECIES,Cipangopaludina chinensis,Animalia,Mollusca,Gastropoda,Architaenioglossa,Viviparidae,,TRUE,02016R1141-20250807,Cipangopaludina chinensis (Gray 1834)
Cortaderia jubata,Purple pampas grass,Implementing Regulation (EU) 2019/1262,2019-08-15,2704521,2704521,Cortaderia jubata,EXACT,SPECIES,Cortaderia jubata,Plantae,Tracheophyta,Liliopsida,Poales,Poaceae,,TRUE,02016R1141-20250807,Cortaderia jubata (Lemoine ex Carrière) Stapf
Corvus splendens,Indian house crow,Implementing Regulation (EU) 2016/1141,2016-08-03,2482499,2482499,Corvus splendens,EXACT,SPECIES,Corvus splendens,Animalia,Chordata,Aves,Passeriformes,Corvidae,,TRUE,02016R1141-20250807,"Corvus splendens Viellot, 1817"
Crassula helmsii,New Zealand pigmyweed,Implementing Regulation (EU) 2025/1422,2025-08-07,5362054,5362054,Crassula helmsii,EXACT,SPECIES,Crassula helmsii,Plantae,Tracheophyta,Magnoliopsida,Saxifragales,Crassulaceae,,TRUE,02016R1141-20250807,Crassula helmsii (Kirk) Cockayne
Delairea odorata,Cape ivy,Implementing Regulation (EU) 2025/1422,2025-08-07,3134183,3134183,Delairea odorata,EXACT,SPECIES,Delairea odorata,Plantae,Tracheophyta,Magnoliopsida,Asterales,Asteraceae,,TRUE,02016R1141-20250807,Delairea odorata Lem.
Ehrharta calycina,Perrenial veldt grass,Implementing Regulation (EU) 2019/1262,2019-08-15,2702865,2702865,Ehrharta calycina,EXACT,SPECIES,Ehrharta calycina,Plantae,Tracheophyta,Liliopsida,Poales,Poaceae,,TRUE,02016R1141-20250807,Ehrharta calycina Sm.
Elodea nuttallii,Nuttall's waterweed,Implementing Regulation (EU) 2017/1263,2017-08-02,5329212,5329212,Elodea nuttallii,EXACT,SPECIES,Elodea nuttallii,Plantae,Tracheophyta,Liliopsida,Alismatales,Hydrocharitaceae,,TRUE,02016R1141-20250807,Elodea nuttallii (Planch.) St. John
Eriocheir sinensis,Chinese mittencrab,Implementing Regulation (EU) 2016/1141,2016-08-03,2225776,2225776,Eriocheir sinensis,EXACT,SPECIES,Eriocheir sinensis,Animalia,Arthropoda,Malacostraca,Decapoda,Varunidae,,TRUE,02016R1141-20250807,"Eriocheir sinensis H. Milne Edwards, 1854"
Faxonius immunis,Calico crayfish,Implementing Regulation (EU) 2025/1422,2025-08-07,8930656,8930656,Faxonius immunis,EXACT,SPECIES,Faxonius immunis,Animalia,Arthropoda,Malacostraca,Decapoda,Cambaridae,,TRUE,02016R1141-20250807,"Faxonius immunis (Hagen, 1870)"
Faxonius rusticus,rusty crayfish,Implementing Regulation (EU) 2022/1203,2022-08-02,8979506,8979506,Faxonius rusticus,EXACT,SPECIES,Faxonius rusticus,Animalia,Arthropoda,Malacostraca,Decapoda,Cambaridae,,TRUE,02016R1141-20250807,"Faxonius rusticus (Girard, 1852)"
Fundulus heteroclitus,mummichog,Implementing Regulation (EU) 2022/1203,2024-08-02,5712056,5712056,Fundulus heteroclitus,EXACT,SPECIES,Fundulus heteroclitus,Animalia,Chordata,,Cyprinodontiformes,Fundulidae,,TRUE,02016R1141-20250807,"Fundulus heteroclitus (Linnaeus, 1766)"
Gambusia affinis,western mosquitofish,Implementing Regulation (EU) 2022/1203,2022-08-02,2350580,2350580,Gambusia affinis,EXACT,SPECIES,Gambusia affinis,Animalia,Chordata,,Cyprinodontiformes,Poeciliidae,,TRUE,02016R1141-20250807,"Gambusia affinis (Baird & Girard, 1853)"
Gambusia holbrooki,eastern mosquitofish,Implementing Regulation (EU) 2022/1203,2022-08-02,2350570,2350570,Gambusia holbrooki,EXACT,SPECIES,Gambusia holbrooki,Animalia,Chordata,,Cyprinodontiformes,Poeciliidae,,TRUE,02016R1141-20250807,"Gambusia holbrooki Girard, 1859"
Gunnera tinctoria,Chilean rhubarb,Implementing Regulation (EU) 2017/1263,2017-08-02,2984306,2984306,Gunnera tinctoria,EXACT,SPECIES,Gunnera tinctoria,Plantae,Tracheophyta,Magnoliopsida,Gunnerales,Gunneraceae,,TRUE,02016R1141-20250807,Gunnera tinctoria (Molina) Mirbel
Gymnocoronis spilanthoides,Senegal tea plant,Implementing Regulation (EU) 2019/1262,2019-08-15,6063677,6063677,Gymnocoronis spilanthoides,EXACT,SPECIES,Gymnocoronis spilanthoides,Plantae,Tracheophyta,Magnoliopsida,Asterales,Asteraceae,,TRUE,02016R1141-20250807,Gymnocoronis spilanthoides (D.Don ex Hook. & Arn.) DC.
Hakea sericea,bushy needlewood,Implementing Regulation (EU) 2022/1203,2022-08-02,7287606,7287606,Hakea sericea,EXACT,SPECIES,Hakea sericea,Plantae,Tracheophyta,Magnoliopsida,Proteales,Proteaceae,,TRUE,02016R1141-20250807,M4 Hakea sericea Schrad. & J.C.Wendl. s.l.
Heracleum mantegazzianum,Giant hogweed,Implementing Regulation (EU) 2017/1263,2017-08-02,3034825,3034825,Heracleum mantegazzianum,EXACT,SPECIES,Heracleum mantegazzianum,Plantae,Tracheophyta,Magnoliopsida,Apiales,Apiaceae,,TRUE,02016R1141-20250807,Heracleum mantegazzianum Sommier & Levier
Heracleum persicum,Persian hogweed,Implementing Regulation (EU) 2016/1141,2016-08-03,3628745,3628745,Heracleum persicum,EXACT,SPECIES,Heracleum persicum,Plantae,Tracheophyta,Magnoliopsida,Apiales,Apiaceae,,TRUE,02016R1141-20250807,Heracleum persicum Fischer
Heracleum sosnowskyi,Sosnowsky's hogweed,Implementing Regulation (EU) 2016/1141,2016-08-03,3642949,3642949,Heracleum sosnowskyi,EXACT,SPECIES,Heracleum sosnowskyi,Plantae,Tracheophyta,Magnoliopsida,Apiales,Apiaceae,,TRUE,02016R1141-20250807,Heracleum sosnowskyi Mandenova
Herpestes javanicus,Small Asian mongoose,Implementing Regulation (EU) 2016/1141,2016-08-03,2434271,2434271,Herpestes javanicus,EXACT,SPECIES,Herpestes javanicus,Animalia,Chordata,Mammalia,Carnivora,Herpestidae,,TRUE,02016R1141-20250807,"Herpestes javanicus É. Geoffroy Saint-Hilaire, 1818"
Humulus scandens,Japanese hop,Implementing Regulation (EU) 2019/1262,2019-08-15,2984537,2984537,Humulus scandens,EXACT,SPECIES,Humulus scandens,Plantae,Tracheophyta,Magnoliopsida,Rosales,Cannabaceae,,TRUE,02016R1141-20250807,Humulus scandens (Lour.) Merr.
Hydrocotyle ranunculoides,Floating pennywort,Implementing Regulation (EU) 2016/1141,2016-08-03,7978544,7978544,Hydrocotyle ranunculoides,EXACT,SPECIES,Hydrocotyle ranunculoides,Plantae,Tracheophyta,Magnoliopsida,Apiales,Araliaceae,,TRUE,02016R1141-20250807,Hydrocotyle ranunculoides L. f.
Impatiens glandulifera,Himalayan balsam,Implementing Regulation (EU) 2017/1263,2017-08-02,2891770,2891770,Impatiens glandulifera,EXACT,SPECIES,Impatiens glandulifera,Plantae,Tracheophyta,Magnoliopsida,Ericales,Balsaminaceae,,TRUE,02016R1141-20250807,Impatiens glandulifera Royle
Koenigia polystachya,Himalayan knotweed,Implementing Regulation (EU) 2022/1203,2022-08-02,8848208,8848208,Koenigia polystachya,EXACT,SPECIES,Koenigia polystachya,Plantae,Tracheophyta,Magnoliopsida,Caryophyllales,Polygonaceae,,TRUE,02016R1141-20250807,Koenigia polystachya (Wall. ex Meisn.) T.M.Schust. & Reveal
Lagarosiphon major,Curly waterweed,Implementing Regulation (EU) 2016/1141,2016-08-03,2865565,2865565,Lagarosiphon major,EXACT,SPECIES,Lagarosiphon major,Plantae,Tracheophyta,Liliopsida,Alismatales,Hydrocharitaceae,,TRUE,02016R1141-20250807,Lagarosiphon major (Ridley) Moss
Lampropeltis getula,common kingsnake,Implementing Regulation (EU) 2022/1203,2022-08-02,9799308,9799308,Lampropeltis getula,EXACT,SPECIES,Lampropeltis getula,Animalia,Chordata,Squamata,,Colubridae,,TRUE,02016R1141-20250807,"Lampropeltis getula (Linnaeus, 1766)"
Lepomis gibbosus,Pumpkinseed,Implementing Regulation (EU) 2019/1262,2019-08-15,2394486,2394486,Lepomis gibbosus,EXACT,SPECIES,Lepomis gibbosus,Animalia,Chordata,,Perciformes,Centrarchidae,,TRUE,02016R1141-20250807,"Lepomis gibbosus Linnaeus, 1758"
Lespedeza cuneata,Chinese bushclover,Implementing Regulation (EU) 2019/1262,2019-08-15,8114276,8114276,Lespedeza cuneata,EXACT,SPECIES,Lespedeza cuneata,Plantae,Tracheophyta,Magnoliopsida,Fabales,Fabaceae,Lespedeza juncea var. sericea,TRUE,02016R1141-20250807,Lespedeza cuneata (Dum.Cours.) G.Don ( Lespedeza juncea var. sericea (Thunb.) Lace & Hauech)
Limnoperna fortunei,golden mussel,Implementing Regulation (EU) 2022/1203,2022-08-02,5855350,5855350,Limnoperna fortunei,EXACT,SPECIES,Limnoperna fortunei,Animalia,Mollusca,Bivalvia,Mytilida,Mytilidae,,TRUE,02016R1141-20250807,"Limnoperna fortunei (Dunker, 1857)"
Lithobates catesbeianus,American bullfrog,Implementing Regulation (EU) 2016/1141,2016-08-03,2427091,2427091,Lithobates catesbeianus,EXACT,SPECIES,Lithobates catesbeianus,Animalia,Chordata,Amphibia,Anura,Ranidae,,TRUE,02016R1141-20250807,"Lithobates (Rana) catesbeianus Shaw, 1802"
Ludwigia grandiflora,Water-primrose,Implementing Regulation (EU) 2016/1141,2016-08-03,5421039,5421039,Ludwigia grandiflora,EXACT,SPECIES,Ludwigia grandiflora,Plantae,Tracheophyta,Magnoliopsida,Myrtales,Onagraceae,,TRUE,02016R1141-20250807,Ludwigia grandiflora (Michx.) Greuter & Burdet
Ludwigia peploides,Floating primrose-willow,Implementing Regulation (EU) 2016/1141,2016-08-03,5420991,5420991,Ludwigia peploides,EXACT,SPECIES,Ludwigia peploides,Plantae,Tracheophyta,Magnoliopsida,Myrtales,Onagraceae,,TRUE,02016R1141-20250807,Ludwigia peploides (Kunth) P.H. Raven
Lygodium japonicum,Vine-like fern,Implementing Regulation (EU) 2019/1262,2019-08-15,2650436,2650436,Lygodium japonicum,EXACT,SPECIES,Lygodium japonicum,Plantae,Tracheophyta,Polypodiopsida,Schizaeales,Lygodiaceae,,TRUE,02016R1141-20250807,Lygodium japonicum (Thunb.) Sw.
Lysichiton americanus,American skunk cabbage,Implementing Regulation (EU) 2016/1141,2016-08-03,2869311,2869311,Lysichiton americanus,EXACT,SPECIES,Lysichiton americanus,Plantae,Tracheophyta,Liliopsida,Alismatales,Araceae,,TRUE,02016R1141-20250807,Lysichiton americanus Hultén and St. John
Marisa cornuarietis,Ramshorn apple snail,Implementing Regulation (EU) 2025/1422,2025-08-07,2292586,2292586,Marisa cornuarietis,EXACT,SPECIES,Marisa cornuarietis,Animalia,Mollusca,Gastropoda,Architaenioglossa,Ampullariidae,,TRUE,02016R1141-20250807,Marisa cornuarietis (Linnaeus 1758)
Microstegium vimineum,Japanese stiltgrass,Implementing Regulation (EU) 2017/1263,2017-08-02,5289808,5289808,Microstegium vimineum,EXACT,SPECIES,Microstegium vimineum,Plantae,Tracheophyta,Liliopsida,Poales,Poaceae,,TRUE,02016R1141-20250807,Microstegium vimineum (Trin.) A. Camus
Misgurnus anguillicaudatus,Oriental weatherfish,Implementing Regulation (EU) 2025/1422,2025-08-07,2367919,2367919,Misgurnus anguillicaudatus,EXACT,SPECIES,Misgurnus anguillicaudatus,Animalia,Chordata,,Cypriniformes,Cobitidae,,TRUE,02016R1141-20250807,"Misgurnus anguillicaudatus (Cantor, 1842)"
Misgurnus bipartitus,Northern oriental weatherfish,Implementing Regulation (EU) 2025/1422,2025-08-07,2367913,2367911,Misgurnus mohoity,EXACT,SPECIES,Misgurnus bipartitus,Animalia,Chordata,,Cypriniformes,Cobitidae,,TRUE,02016R1141-20250807,"Misgurnus bipartitus (Sauvage & Dabry de Thiersant, 1874)"
Morone americana,white perch,Implementing Regulation (EU) 2022/1203,2022-08-02,2394604,2394604,Morone americana,EXACT,SPECIES,Morone americana,Animalia,Chordata,,Perciformes,Moronidae,,TRUE,02016R1141-20250807,"Morone americana (Gmelin, 1789)"
Mulinia lateralis,Dwarf surf clamb,Implementing Regulation (EU) 2025/1422,2025-08-07,2286388,2286388,Mulinia lateralis,EXACT,SPECIES,Mulinia lateralis,Animalia,Mollusca,Bivalvia,Venerida,Mactridae,,TRUE,02016R1141-20250807,"Mulinia lateralis (Say, 1822)"
Muntiacus reevesi,Muntjac deer,Implementing Regulation (EU) 2016/1141,2016-08-03,2440946,2440946,Muntiacus reevesi,EXACT,SPECIES,Muntiacus reevesi,Animalia,Chordata,Mammalia,Artiodactyla,Cervidae,,TRUE,02016R1141-20250807,"Muntiacus reevesi Ogilby, 1839"
Myocastor coypus,Coypu,Implementing Regulation (EU) 2016/1141,2016-08-03,4264680,4264680,Myocastor coypus,EXACT,SPECIES,Myocastor coypus,Animalia,Chordata,Mammalia,Rodentia,Myocastoridae,,TRUE,02016R1141-20250807,"Myocastor coypus Molina, 1782"
Myriophyllum aquaticum,Parrot's feather,Implementing Regulation (EU) 2016/1141,2016-08-03,5361785,5361785,Myriophyllum aquaticum,EXACT,SPECIES,Myriophyllum aquaticum,Plantae,Tracheophyta,Magnoliopsida,Saxifragales,Haloragaceae,,TRUE,02016R1141-20250807,Myriophyllum aquaticum (Vell.) Verdc.
Myriophyllum heterophyllum,Broadleaf watermilfoil,Implementing Regulation (EU) 2017/1263,2017-08-02,5361762,5361762,Myriophyllum heterophyllum,EXACT,SPECIES,Myriophyllum heterophyllum,Plantae,Tracheophyta,Magnoliopsida,Saxifragales,Haloragaceae,,TRUE,02016R1141-20250807,Myriophyllum heterophyllum Michaux
Nanozostera japonica,Japanese eelgras,Implementing Regulation (EU) 2025/1422,2025-08-07,2863941,2863943,Zostera japonica,EXACT,SPECIES,Nanozostera japonica,Plantae,Tracheophyta,Liliopsida,Alismatales,Zosteraceae,,TRUE,02016R1141-20250807,"Nanozostera japonica (Ascherson & Graebner) Tomlinson & Posluszny, 2001"
Nasua nasua,Coati rode,Implementing Regulation (EU) 2016/1141,2016-08-03,2433536,2433536,Nasua nasua,EXACT,SPECIES,Nasua nasua,Animalia,Chordata,Mammalia,Carnivora,Procyonidae,,TRUE,02016R1141-20250807,"Nasua nasua Linnaeus, 1766"
Neogale vison,American mink,Implementing Regulation (EU) 2025/1422,2027-08-07,2433652,5218823,Mustela vison,EXACT,SPECIES,Neovison vison,Animalia,Chordata,Mammalia,Carnivora,Mustelidae,,TRUE,32025R1422,Neogale vison
Nyctereutes procyonoides,Raccoon dog,Implementing Regulation (EU) 2017/1263,2019-02-02,2434552,2434552,Nyctereutes procyonoides,EXACT,SPECIES,Nyctereutes procyonoides,Animalia,Chordata,Mammalia,Carnivora,Canidae,,TRUE,02016R1141-20250807,"Nyctereutes procyonoides Gray, 1834 ( *1 )"
Obama nungara,Obama flatworm,Implementing Regulation (EU) 2025/1422,2025-08-07,8701771,8701771,Obama nungara,EXACT,SPECIES,Obama nungara,Animalia,Platyhelminthes,,Tricladida,Geoplanidae,,TRUE,02016R1141-20250807,"Obama nungara Carbayo, Álvarez-Presas, Jones & Riutort, 2016"
Ondatra zibethicus,Muskrat,Implementing Regulation (EU) 2017/1263,2017-08-02,5219858,5219858,Ondatra zibethicus,EXACT,SPECIES,Ondatra zibethicus,Animalia,Chordata,Mammalia,Rodentia,Cricetidae,,TRUE,02016R1141-20250807,"Ondatra zibethicus Linnaeus, 1766"
Orconectes limosus,Spiny-cheek crayfish,Implementing Regulation (EU) 2016/1141,2016-08-03,2227000,8909595,Faxonius limosus,EXACT,SPECIES,Orconectes limosus,Animalia,Arthropoda,Malacostraca,Decapoda,Cambaridae,Faxonius limosus,TRUE,02016R1141-20250807,"M2 Orconectes limosus Rafinesque, 1817 ( Faxonius limosus Rafinesque, 1817)"
Orconectes virilis,Virile crayfish,Implementing Regulation (EU) 2016/1141,2016-08-03,2227064,8971201,Faxonius virilis,EXACT,SPECIES,Orconectes virilis,Animalia,Arthropoda,Malacostraca,Decapoda,Cambaridae,Faxonius virilis,TRUE,02016R1141-20250807,"M2 Orconectes virilis Hagen, 1870 ( Faxonius virilis Hagen, 1870)"
Oxyura jamaicensis,Ruddy duck,Implementing Regulation (EU) 2016/1141,2016-08-03,2498305,2498305,Oxyura jamaicensis,EXACT,SPECIES,Oxyura jamaicensis,Animalia,Chordata,Aves,Anseriformes,Anatidae,,TRUE,02016R1141-20250807,"Oxyura jamaicensis Gmelin, 1789"
Pacifastacus leniusculus,Signal crayfish,Implementing Regulation (EU) 2016/1141,2016-08-03,2226990,2226990,Pacifastacus leniusculus,EXACT,SPECIES,Pacifastacus leniusculus,Animalia,Arthropoda,Malacostraca,Decapoda,Astacidae,,TRUE,02016R1141-20250807,"Pacifastacus leniusculus Dana, 1852"
Parthenium hysterophorus,Whitetop weed,Implementing Regulation (EU) 2016/1141,2016-08-03,3086784,3086784,Parthenium hysterophorus,EXACT,SPECIES,Parthenium hysterophorus,Plantae,Tracheophyta,Magnoliopsida,Asterales,Asteraceae,,TRUE,02016R1141-20250807,Parthenium hysterophorus L.
Perccottus glenii,Amur sleeper,Implementing Regulation (EU) 2016/1141,2016-08-03,2390064,2390064,Perccottus glenii,EXACT,SPECIES,Perccottus glenii,Animalia,Chordata,,Perciformes,Odontobutidae,,TRUE,02016R1141-20250807,"Perccottus glenii Dybowski, 1877"
Persicaria perfoliata,Asiatic tearthumb,Implementing Regulation (EU) 2016/1141,2016-08-03,4033648,4033648,Persicaria perfoliata,EXACT,SPECIES,Persicaria perfoliata,Plantae,Tracheophyta,Magnoliopsida,Caryophyllales,Polygonaceae,Polygonum perfoliatum,TRUE,02016R1141-20250807,Persicaria perfoliata (L.) H. Gross ( Polygonum perfoliatum L.)
Pistia stratiotes,water lettuce,Implementing Regulation (EU) 2022/1203,2024-08-02,2870583,2870583,Pistia stratiotes,EXACT,SPECIES,Pistia stratiotes,Plantae,Tracheophyta,Liliopsida,Alismatales,Araceae,,TRUE,02016R1141-20250807,Pistia stratiotes L.
Platydemus manokwari,New-guinea flatworm,Implementing Regulation (EU) 2025/1422,2025-08-07,5892137,5892137,Platydemus manokwari,EXACT,SPECIES,Platydemus manokwari,Animalia,Platyhelminthes,,Tricladida,Geoplanidae,,TRUE,02016R1141-20250807,"Platydemus manokwari de Beauchamp, 1963"
Plotosus lineatus,Striped eel catfish,Implementing Regulation (EU) 2019/1262,2019-08-15,7965247,7965247,Plotosus lineatus,EXACT,SPECIES,Plotosus lineatus,Animalia,Chordata,,Siluriformes,Plotosidae,,TRUE,02016R1141-20250807,"Plotosus lineatus (Thunberg, 1787)"
Pontederia crassipes,Water hyacinth,Implementing Regulation (EU) 2016/1141,2016-08-03,2765942,2765942,Pontederia crassipes,EXACT,SPECIES,Pontederia crassipes,Plantae,Tracheophyta,Liliopsida,Commelinales,Pontederiaceae,,TRUE,02016R1141-20250807,M4 Pontederia crassipes Mart
Procambarus clarkii,Red swamp crayfish,Implementing Regulation (EU) 2016/1141,2016-08-03,2227300,2227300,Procambarus clarkii,EXACT,SPECIES,Procambarus clarkii,Animalia,Arthropoda,Malacostraca,Decapoda,Cambaridae,,TRUE,02016R1141-20250807,"Procambarus clarkii Girard, 1852"
Procambarus fallax f. virginalis,Marbled crayfish,Implementing Regulation (EU) 2016/1141,2016-08-03,8879526,9442269,Procambarus virginalis,EXACT,FORM,Procambarus fallax f. virginalis,Animalia,Arthropoda,Malacostraca,Decapoda,Cambaridae,Procambarus virginalis,TRUE,02016R1141-20250807,"M2 Procambarus fallax (Hagen, 1870) f. virginalis ( Procambarus virginalis Lyko, 2017)"
Procyon lotor,Raccoon,Implementing Regulation (EU) 2016/1141,2016-08-03,5218786,5218786,Procyon lotor,EXACT,SPECIES,Procyon lotor,Animalia,Chordata,Mammalia,Carnivora,Procyonidae,,TRUE,02016R1141-20250807,"Procyon lotor Linnaeus, 1758"
Prosopis juliflora,Mesquite,Implementing Regulation (EU) 2019/1262,2019-08-15,5358460,5358460,Prosopis juliflora,EXACT,SPECIES,Prosopis juliflora,Plantae,Tracheophyta,Magnoliopsida,Fabales,Fabaceae,,TRUE,02016R1141-20250807,Prosopis juliflora (Sw.) DC.
Pseudorasbora parva,Stone moroko,Implementing Regulation (EU) 2016/1141,2016-08-03,2362868,2362868,Pseudorasbora parva,EXACT,SPECIES,Pseudorasbora parva,Animalia,Chordata,,Cypriniformes,Cyprinidae,,TRUE,02016R1141-20250807,"Pseudorasbora parva Temminck & Schlegel, 1846"
Pueraria montana var. lobata,Kudzu vine,Implementing Regulation (EU) 2016/1141,2016-08-03,2977647,2977636,Pueraria montana,EXACT,VARIETY,Pueraria montana var. lobata,Plantae,Tracheophyta,Magnoliopsida,Fabales,Fabaceae,Pueraria lobata,TRUE,02016R1141-20250807,Pueraria montana (Lour.) Merr. var. lobata (Willd.) ( Pueraria lobata (Willd.) Ohwi)
Pycnonotus cafer,red-vented bulbul,Implementing Regulation (EU) 2022/1203,2022-08-02,2486131,2486131,Pycnonotus cafer,EXACT,SPECIES,Pycnonotus cafer,Animalia,Chordata,Aves,Passeriformes,Pycnonotidae,,TRUE,02016R1141-20250807,"Pycnonotus cafer (Linnaeus, 1766)"
Pycnonotus jocosus,Red whiskered bulbul,Implementing Regulation (EU) 2025/1422,2025-08-07,2486151,2486151,Pycnonotus jocosus,EXACT,SPECIES,Pycnonotus jocosus,Animalia,Chordata,Aves,Passeriformes,Pycnonotidae,,TRUE,02016R1141-20250807,"Pycnonotus jocosus (Linnaeus, 1758)"
Reynoutria japonica,Japanese knotweed,Implementing Regulation (EU) 2025/1422,2025-08-07,2889173,2889173,Reynoutria japonica,EXACT,SPECIES,Reynoutria japonica,Plantae,Tracheophyta,Magnoliopsida,Caryophyllales,Polygonaceae,,TRUE,02016R1141-20250807,Reynoutria japonica Houtt.
Reynoutria sachalinensis,Giant knotweed,Implementing Regulation (EU) 2025/1422,2025-08-07,2889088,2889088,Reynoutria sachalinensis,EXACT,SPECIES,Reynoutria sachalinensis,Plantae,Tracheophyta,Magnoliopsida,Caryophyllales,Polygonaceae,,TRUE,02016R1141-20250807,Reynoutria sachalinensis (F. Schmidt) Nakai
Reynoutria × bohemica,Bohemian knotweed,Implementing Regulation (EU) 2025/1422,2025-08-07,4038485,4038485,Reynoutria bohemica,EXACT,SPECIES,Reynoutria × bohemica,Plantae,Tracheophyta,Magnoliopsida,Caryophyllales,Polygonaceae,,TRUE,02016R1141-20250807,Reynoutria × bohemica Chrtek & Chrtková
Rugulopteryx okamurae,algae stomp,Implementing Regulation (EU) 2022/1203,2022-08-02,5824863,5824863,Rugulopteryx okamurae,EXACT,SPECIES,Rugulopteryx okamurae,Chromista,Ochrophyta,Phaeophyceae,Dictyotales,Dictyotaceae,,TRUE,02016R1141-20250807,"Rugulopteryx okamurae (E.Y.Dawson) I.K.Hwang, W.J.Lee & H.S.Kim, 2009"
Salvinia molesta,Salvinia moss,Implementing Regulation (EU) 2019/1262,2019-08-15,5274863,5274863,Salvinia molesta,EXACT,SPECIES,Salvinia molesta,Plantae,Tracheophyta,Polypodiopsida,Salviniales,Salviniaceae,Salvinia adnata,TRUE,02016R1141-20250807,Salvinia molesta D.S. Mitch. ( Salvinia adnata Desv.)
Sciurus carolinensis,Grey squirrel,Implementing Regulation (EU) 2016/1141,2016-08-03,5219681,5219681,Sciurus carolinensis,EXACT,SPECIES,Sciurus carolinensis,Animalia,Chordata,Mammalia,Rodentia,Sciuridae,,TRUE,02016R1141-20250807,"Sciurus carolinensis Gmelin, 1788"
Sciurus niger,Fox squirrel,Implementing Regulation (EU) 2016/1141,2016-08-03,5219683,5219683,Sciurus niger,EXACT,SPECIES,Sciurus niger,Animalia,Chordata,Mammalia,Rodentia,Sciuridae,,TRUE,02016R1141-20250807,"Sciurus niger Linnaeus, 1758"
Solenopsis geminata,tropical imported fire ant,Implementing Regulation (EU) 2022/1203,2022-08-02,5035187,5035187,Solenopsis geminata,EXACT,SPECIES,Solenopsis geminata,Animalia,Arthropoda,Insecta,Hymenoptera,Formicidae,,TRUE,02016R1141-20250807,"Solenopsis geminata (Fabricius, 1804)"
Solenopsis invicta,red imported fire ant,Implementing Regulation (EU) 2022/1203,2022-08-02,5035230,5035230,Solenopsis invicta,EXACT,SPECIES,Solenopsis invicta,Animalia,Arthropoda,Insecta,Hymenoptera,Formicidae,,TRUE,02016R1141-20250807,"Solenopsis invicta Buren, 1972"
Solenopsis richteri,black imported fire ant,Implementing Regulation (EU) 2022/1203,2022-08-02,5035017,5035017,Solenopsis richteri,EXACT,SPECIES,Solenopsis richteri,Animalia,Arthropoda,Insecta,Hymenoptera,Formicidae,,TRUE,02016R1141-20250807,"Solenopsis richteri Forel, 1909"
Tamias sibiricus,Siberian chipmunk,Implementing Regulation (EU) 2016/1141,2016-08-03,2437450,2437450,Tamias sibiricus,EXACT,SPECIES,Tamias sibiricus,Animalia,Chordata,Mammalia,Rodentia,Sciuridae,Eutamias sibiricus,TRUE,02016R1141-20250807,"M4 Tamias sibiricus Laxmann, 1769 ( Eutamias sibiricus (Laxmann, 1769))"
Threskiornis aethiopicus,Sacred ibis,Implementing Regulation (EU) 2016/1141,2016-08-03,2480764,2480764,Threskiornis aethiopicus,EXACT,SPECIES,Threskiornis aethiopicus,Animalia,Chordata,Aves,Pelecaniformes,Threskiornithidae,,TRUE,02016R1141-20250807,"Threskiornis aethiopicus Latham, 1790"
Trachemys scripta,"Red-eared, yellow-bellied and Cumberland sliders",Implementing Regulation (EU) 2016/1141,2016-08-03,2443002,2443002,Trachemys scripta,EXACT,SPECIES,Trachemys scripta,Animalia,Chordata,Testudines,,Emydidae,,TRUE,02016R1141-20250807,"Trachemys scripta Schoepff, 1792"
Triadica sebifera,Chinese tallow,Implementing Regulation (EU) 2019/1262,2019-08-15,3054399,3054399,Triadica sebifera,EXACT,SPECIES,Triadica sebifera,Plantae,Tracheophyta,Magnoliopsida,Malpighiales,Euphorbiaceae,Sapium sebiferum,TRUE,02016R1141-20250807,Triadica sebifera (L.) Small ( Sapium sebiferum (L.) Roxb.)
Vespa mandarinia,Giant asian hornet,Implementing Regulation (EU) 2025/1422,2025-08-07,5871429,5871429,Vespa mandarinia,EXACT,SPECIES,Vespa mandarinia,Animalia,Arthropoda,Insecta,Hymenoptera,Vespidae,,TRUE,02016R1141-20250807,"Vespa mandarinia Smith, 1852"
Vespa velutina nigrithorax,Asian hornet,Implementing Regulation (EU) 2016/1141,2016-08-03,6247411,1311477,Vespa velutina,EXACT,SUBSPECIES,Vespa velutina nigrithorax,Animalia,Arthropoda,Insecta,Hymenoptera,Vespidae,,TRUE,02016R1141-20250807,"Vespa velutina nigrithorax de Buysson, 1905"
Wasmannia auropunctata,little fire ant,Implementing Regulation (EU) 2022/1203,2022-08-02,1315391,1315391,Wasmannia auropunctata,EXACT,SPECIES,Wasmannia auropunctata,Animalia,Arthropoda,Insecta,Hymenoptera,Formicidae,,TRUE,02016R1141-20250807,"Wasmannia auropunctata (Roger, 1863)"
Xenopus laevis,African clawed frog,Implementing Regulation (EU) 2022/1203,2024-08-02,5217334,5217334,Xenopus laevis,EXACT,SPECIES,Xenopus laevis,Animalia,Chordata,Amphibia,Anura,Pipidae,,TRUE,02016R1141-20250807,"Xenopus laevis (Daudin, 1802)"
