speciesKey,ALB,MKD,MNE,SRB,last_year,queried
2979775,0,0,0,0,,2026-09-28
2978552,26,0,0,0,2026,2026-09-28
2489010,0,0,0,0,,2026-09-28
2489005,0,0,0,1,2016,2026-09-28
3190653,42,46,76,242,2026,2026-09-28
2498252,0,3,0,12,2025,2026-09-28
3084923,0,0,0,0,,2026-09-28
2340977,0,1,0,26,2025,2026-09-28
2706080,0,0,0,0,,2026-09-28
2502792,0,0,0,0,,2026-09-28
3170247,0,1,0,90,2026,2026-09-28
5187508,0,0,0,0,,2026-09-28
2440934,0,0,0,0,,2026-09-28
3129663,0,0,0,0,,2026-09-28
2502938,0,0,0,0,,2026-09-28
1319870,0,0,0,0,,2026-09-28
5361944,3,4,20,37,2026,2026-09-28
2882443,0,0,0,0,,2026-09-28
2437394,0,0,0,0,,2026-09-28
2437399,0,0,0,0,,2026-09-28
3189935,0,0,0,0,,2026-09-28
2439838,0,0,0,0,,2026-09-28
3169169,0,0,0,0,,2026-09-28
5828232,0,0,0,1,2023,2026-09-28
2440954,0,0,0,0,,2026-09-28
4284921,0,0,0,0,,2026-09-28
4417558,0,0,0,0,,2026-09-28
9738098,0,0,0,0,,2026-09-28
2704521,0,0,0,0,,2026-09-28
2482499,0,0,0,0,,2026-09-28
5362054,0,0,0,0,,2026-09-28
3134183,0,0,0,0,,2026-09-28
2702865,0,0,0,0,,2026-09-28
5329212,0,0,0,0,,2026-09-28
2225776,0,0,0,0,,2026-09-28
8930656,0,0,0,0,,2026-09-28
8979506,0,0,0,0,,2026-09-28
5712056,0,0,0,0,,2026-09-28
2350580,0,0,0,0,,2026-09-28
2350570,11,1,28,0,2026,2026-09-28
2984306,0,0,0,0,,2026-09-28
6063677,0,0,0,0,,2026-09-28
7287606,0,0,0,0,,2026-09-28
3034825,0,0,0,0,,2026-09-28
3628745,0,0,0,0,,2026-09-28
3642949,0,0,0,0,,2026-09-28
2434271,0,0,97,0,2026,2026-09-28
2984537,0,0,0,0,,2026-09-28
7978544,0,0,0,0,,2026-09-28
2891770,0,2,1,1,2026,2026-09-28
8848208,0,0,0,0,,2026-09-28
2865565,0,0,0,0,,2026-09-28
9799308,0,0,0,0,,2026-09-28
2394486,2,9,3,129,2026,2026-09-28
8114276,0,0,0,0,,2026-09-28
5855350,0,0,0,0,,2026-09-28
2427091,0,0,0,0,,2026-09-28
5421039,0,0,0,0,,2026-09-28
5420991,0,0,0,0,,2026-09-28
2650436,0,0,0,0,,2026-09-28
2869311,0,0,0,0,,2026-09-28
2292586,0,0,0,0,,2026-09-28
5289808,0,0,0,0,,2026-09-28
2367919,0,0,0,0,,2026-09-28
2367911,0,0,0,0,,2026-09-28
2394604,0,0,0,0,,2026-09-28
2286388,0,0,0,0,,2026-09-28
2440946,0,0,0,0,,2026-09-28
4264680,2,9,0,52,2026,2026-09-28
5361785,0,0,0,0,,2026-09-28
5361762,0,0,0,0,,2026-09-28
2863943,0,0,0,0,,2026-09-28
2433536,0,0,0,0,,2026-09-28
5218823,0,0,0,0,,2026-09-28
2434552,0,0,0,0,,2026-09-28
8701771,0,0,0,1,2025,2026-09-28
5219858,0,12,0,60,2026,2026-09-28
8909595,0,0,0,10,2026,2026-09-28
8971201,0,0,0,0,,2026-09-28
2498305,0,0,0,0,,2026-09-28
2226990,0,0,0,0,,2026-09-28
3086784,0,0,0,0,,2026-09-28
2390064,0,0,0,3,2007,2026-09-28
4033648,0,0,0,0,,2026-09-28
2870583,0,0,0,5,2025,2026-09-28
5892137,0,0,0,0,,2026-09-28
7965247,0,0,0,0,,2026-09-28
2765942,0,0,0,0,,2026-09-28
2227300,1,0,1,0,2024,2026-09-28
9442269,0,0,0,0,,2026-09-28
5218786,0,0,0,0,,2026-09-28
5358460,0,0,0,0,,2026-09-28
2362868,2,16,10,103,2025,2026-09-28
2977636,0,0,0,0,,2026-09-28
2486131,0,0,0,0,,2026-09-28
2486151,0,0,0,0,,2026-09-28
2889173,0,0,4,18,2025,2026-09-28
2889088,0,0,1,1,2025,2026-09-28
4038485,0,0,1,9,2024,2026-09-28
5824863,0,0,0,0,,2026-09-28
5274863,0,0,0,0,,2026-09-28
5219681,0,0,0,0,,2026-09-28
5219683,0,0,0,0,,2026-09-28
5035187,0,0,0,0,,2026-09-28
5035230,0,0,0,0,,2026-09-28
5035017,0,0,0,0,,2026-09-28
2437450,0,0,0,0,,2026-09-28
2480764,0,0,0,0,,2026-09-28
2443002,10,11,3,24,2026,2026-09-28
3054399,0,0,0,0,,2026-09-28
5871429,0,0,0,0,,2026-09-28
1311477,2,0,0,0,2025,2026-09-28
1315391,0,0,0,0,,2026-09-28
5217334,0,0,0,0,,2026-09-28
