"iba_code","iba_name","scientific_name","common_name","season","population","units","population_year","iba_criteria","accessed"
"RS023","Prokletije","Tetrastes bonasia","Hazel Grouse","resident","200-300","breeding pairs","2016 - 2017","C6","2026-09-23"
"RS023","Prokletije","Alectoris graeca","Rock Partridge","resident","150-200","breeding pairs","2008 - 2013","B1a, C6","2026-09-23"
"RS023","Prokletije","Montifringilla nivalis","White-winged Snowfinch","resident","15-20","breeding pairs","2008 - 2013","A3","2026-09-23"
"RS023","Prokletije","Pyrrhocorax graculus","Yellow-billed Chough","resident","100-130","breeding pairs","1998","A3","2026-09-23"
"RS023","Prokletije","Prunella collaris","Alpine Accentor","resident","150-250","breeding pairs","2019","A3","2026-09-23"
"RS023","Prokletije","Pyrrhocorax pyrrhocorax","Red-billed Chough","resident","2-3","breeding pairs","1996 - ","C6","2026-09-23"
"RS023","Prokletije","Picoides tridactylus","Three-toed Woodpecker","resident","15-25","breeding pairs","2010 - 2019","C6","2026-09-23"
"RS023","Prokletije","Tichodroma muraria","Wallcreeper","resident","10-15","breeding pairs","2008 - 2013","A3","2026-09-23"
"RS023","Prokletije","Monticola saxatilis","Rufous-tailed Rock-thrush","breeding","30-50","breeding pairs","2008 - 2013","B1b","2026-09-23"
"RS023","Prokletije","Tetrao urogallus","Western Capercaillie","resident","40-70","breeding pairs","2014","C6","2026-09-23"
"RS024","Sara mountain","Alectoris graeca","Rock Partridge","resident","200-300","breeding pairs","2008 - 2013","B1a, C6","2026-09-23"
"RS024","Sara mountain","Montifringilla nivalis","White-winged Snowfinch","resident","30-40","breeding pairs","2008 - 2013","A3","2026-09-23"
"RS024","Sara mountain","Pyrrhocorax graculus","Yellow-billed Chough","resident","120-170","breeding pairs","2006 - 2016","A3","2026-09-23"
"RS024","Sara mountain","Prunella collaris","Alpine Accentor","breeding","240-320","breeding pairs","2016","A3","2026-09-23"
"RS024","Sara mountain","Pyrrhocorax pyrrhocorax","Red-billed Chough","resident","25-35","breeding pairs","2008 - 2013","C6","2026-09-23"
"RS024","Sara mountain","Tichodroma muraria","Wallcreeper","resident","10-15","breeding pairs","2008 - 2013","A3","2026-09-23"
"RS024","Sara mountain","Monticola saxatilis","Rufous-tailed Rock-thrush","breeding","80-120","breeding pairs","2016","B1b","2026-09-23"
"RS024","Sara mountain","Tetrao urogallus","Western Capercaillie","resident","10-20","breeding pairs","2014","C6","2026-09-23"
"RS022","Kopaonik","Alectoris graeca","Rock Partridge","resident","20-40","breeding pairs","2016 - 2018","B1a, C6","2026-09-23"
"RS022","Kopaonik","Aegolius funereus","Boreal Owl","resident","23-30","breeding pairs","2014","C6","2026-09-23"
"RS022","Kopaonik","Glaucidium passerinum","Eurasian Pygmy-owl","resident","5-7","breeding pairs","2014","C6","2026-09-23"
"RS022","Kopaonik","Picoides tridactylus","Three-toed Woodpecker","resident","4-7","breeding pairs","2010 - 2014","C6","2026-09-23"
"RS022","Kopaonik","Monticola saxatilis","Rufous-tailed Rock-thrush","breeding","17-28","breeding pairs","2008 - 2013","B1b","2026-09-23"
"RS062","Mokra Gora","Tetrastes bonasia","Hazel Grouse","resident","130-170","breeding pairs","2016 - 2017","C6","2026-09-23"
"RS062","Mokra Gora","Aegolius funereus","Boreal Owl","resident","7-12","breeding pairs","2017","C6","2026-09-23"
"RS062","Mokra Gora","Glaucidium passerinum","Eurasian Pygmy-owl","resident","8-12","breeding pairs","2017","C6","2026-09-23"
"RS062","Mokra Gora","Picoides tridactylus","Three-toed Woodpecker","resident","9-14","breeding pairs","2010 - 2019","C6","2026-09-23"
"RS062","Mokra Gora","Tetrao urogallus","Western Capercaillie","resident","25-40","breeding pairs","2017","C6","2026-09-23"
