speciesKey,vernacularName
6258028,Praying Mantis
1905383,Queen of Spain Fritillary
2469188,Common Wall Lizard
7136582,Alpen-Grasnelke
6366597,Gentiane De Koch
3120946,Burot
3802655,Belladonna
2928978,Bulmeurt
3112801,Spear Thistle
2498415,Eurasian Hoopoe
3189870,Sycamore
7745240,Red-Backed Shrike
2542126,Dyer's Mazegill
4486328,Harlequin Bug
3145214,Milk Thistle
4535827,Peacock
5219243,Red Fox
2157242,Triangulate Bud Spider
5152543,Balotterookwants
3033558,Skogsklematis
2890920,Blodstorkenebb
9134585,Yellow Stagshorn
2888342,Yellow Bird's-Nest
8168319,Fly Agaric
5954958,Cep
9616058,Common Kestrel
2165951,Goldenrod Crab Spider
5743112,Lesser Stag Beetle
4492208,Greater Horntail Wasp
2549730,Pipa
8165087,NA
8104397,Common Linnet
2482613,Spotted Nutcracker
3108983,Common Groundsel
4532532,Jersey Tiger
3166655,Raiponce Orbiculaire
2888814,Cut-Leaved Teasel
1938810,Apollo
2490246,Tree Pipit
3170040,Gelber Enzian
5231190,House Sparrow
7753992,Escargot Turc
7270333,Genzianella Del Pollino
4516754,Doodskopzweefvlieg
3023221,Blackthorn
2492521,Whinchat
3118274,Tansy
1959682,Purple-Barred Yellow
4889932,Reinrose
2487871,Coal Tit
2490774,Mistle Thrush
2495093,White-Throated Dipper
2481890,Great Cormorant
9629160,Red Crossbill
2480637,Eurasian Sparrowhawk
5229126,Black-Winged Stilt
2490310,Grey Wagtail
1541832,Hornet Hoverfly
2490255,Water Pipit
5231240,Northern Wheatear
2484918,Wallcreeper
2480906,Squacco Heron
1909398,Silver-Washed Fritillary
2482553,Alpine Chough
5739315,Black Redstart
2431783,Alpine Newt
2491482,Ortolan Bunting
5229493,Eurasian Jay
2480876,Little Egret
11925463,NA
2888728,Svarthyll
2346633,Hecht
2441454,Hermann's Tortoise
7496350,Blusher
4989904,Asian Lady Beetle
8184903,Scarlet Pimpernel
6027128,Sanikel
7705930,Wild Boar
2521208,Shaggy Bracket
2477872,Black Woodpecker
8890062,Common Rock-Rose
2926995,Whorled Clary
1938214,Scarce Swallowtail
1734826,Oak Eggar
5392883,Glandular Globe-Thistle
11068129,Makklav
2710326,Rabbetust
1716128,Maulwurfsgrille
2926682,Red Dead-Nettle
2480773,Glossy Ibis
8914748,Parasol
5375388,Shepherd's-Purse
1688093,Bellied Bright Bush-Cricket
2458538,Aesculapian Snake
1043472,Larch Ladybird
7626513,Cirl Bunting
8881331,Spotted Milkcap
1223971,Lixe Poudreux
8119241,Gestutzte Weide
1434133,Purolouhekas
2468799,Meadow Lizard
7960979,Stinging Nettle
3114643,Weg-Distel
8427624,Procumbent Yellow-Sorrel
8051275,Thyme Broomrape
6159223,Sand Lizard
8200663,Ivy-Leaved Toadflax
7602797,NA
5359395,Narrow Clover
2431781,Alpine Salamander
2149679,Marbled Cellar Spider
2965201,Black Medick
4306938,Bunte Erlenblattzikade
1341976,Honey Bee
2753146,Martagon Lily
2764179,Asiatic Dayflower
2482515,Hooded Crow
2431776,Fire Salamander
8896202,NA
4485944,Langschild Grasschildwants
1625991,Havikskruidboorvlieg
4480485,Green Tiger Beetle
5011181,Acorn Weevil
1043118,Cream-Streaked Ladybird
7773743,Rytisylkikuoriainen
2008719,Fangschreckenwanze
6428353,Fireweed
6063943,Felsen-Greiskraut
9581355,NA
4485776,Gemeine Stinkwanze
5733462,Nymferandtege
2514774,Crown Rust of Oats
4452252,22-Spot Ladybird
7306396,Fuchsschwanz-Ziest
5148487,Grey Pine Carpet
1911112,Large Heath
7267415,Kleiner Strahlensame
1929659,Scarce Copper
4532534,Scarlet Tiger
5769172,NA
4486241,Elzenpropjeswants
5350005,Crown Vetch
3085623,Steinbrech-Felsennelke
6026420,Berg-Sesel
4452256,12-Spot Ladybird
1864652,Humming-Bird Hawk-Moth
4990191,Sevenspotted Lady Beetle
7854318,Marbled White
4522049,Drain Fly
3029627,Blodtopp
5758838,Kuomalude
4470765,Violet Ground Beetle
2159474,Eikenbladspin
4553401,Rektangelmejer
3171915,Gratiole Officinale
5410877,NA
12207358,NA
4486816,Elzensmalsnuit
5219173,Wolf
1136888,Bleggul Blomsterbuk
2176858,Goldaugenspringspinne
7172720,Thick-Leaved Stonecrop
4427759,Valekaavikas
1790692,Four-Spotted
4553405,Okalukki
11470870,NA
5414991,Rusty Foxglove
2169069,Halbeingefasster Springer
3085895,Perennial Knawel
5412014,Nettle-Leaved Bellflower
2159735,Vierfleck-Kreuzspinne
1664505,Butsnudet Rovflue
4486439,Ketoharmolude
5369695,Prakthumleblom
7308294,Berg-Gamander
2684709,Einer
5384741,Rose Campion
5318948,Elleborine Minore
1043572,14-Spotted Ladybird Beetle
4488812,Buckliger Nimrod
1860765,Ballotelangsprietmot
1692898,Great Green Bush-Cricket
1149372,Getreidebock
4452258,16-Spot Ladybird
4492186,Jeneverbesbladwep
1195043,Strawberry Root Weevil
8138506,Beech Leaf Miner
3118216,Skjermkrage
1967011,Paarsbandspanner
2914110,Rundmaure
1779690,Minor Shoulder-Knot
1898544,c-Falter
1310811,Groefkopveldwesp
1659094,Kerbzangen-Raubfliege
3096857,Elfenbenstistel
2165513,Halmkrabbenspinne
5410466,NA
7327980,Axljung
3085424,Maiden Pink
2172729,Bonte Springspin
7410701,Transparent Burnet
1095904,Museum Beetle
8242995,Breitblaettriger Ehrenpreis
3118526,Rayed Tansy
8998684,Broad-Leaved Helleborine
2816250,Common Twayblade
7790073,Kreikankannusruoho
1431748,Kultaharjakas
8400876,Oeillet Des Chartreux
5758859,Dennenrookwants
5409933,Clustered Bellflower
4485898,Koolwants
6411747,Edel-Gamander
1920712,Brimstone
7925535,Common Bistort
8165236,Yellow Mountain Saxifrage
6437017,Firkantperikum
3032837,Trauben-Steinbrech
3922007,NA
4487665,NA
2008880,Timothy Grassbug
1353236,Fyrbandbi
2078821,Gorse Shieldbug
4461877,Poriol Dolent
1678420,Tongzoenvlieg
9526078,NA
2160133,Cross Orbweaver
8179794,Geflecktes Knabenkraut
6274256,Indian Green Tortoise Beetle
5231770,Alpine Accentor
2480506,Golden Eagle
9687165,White Wagtail
2492867,Woodchat Shrike
9515886,Barn Swallow
2487883,European Crested Tit
2480242,Northern Lapwing
2475443,European Bee-Eater
2494422,Common Chaffinch
2480564,Long-Legged Buzzard
5845582,European Greenfinch
9362027,Gadwall
2482065,Black-Necked Grebe
2294287,Escargot
5229490,Eurasian Magpie
9705453,Great Tit
2480487,Hen Harrier
8109681,European Nightjar
2481725,Spotted Redshank
8049830,Speckled Wood
1911461,Small Heath
9761484,Mallard
5739361,Eastern Olivaceous Warbler
2480537,Common Buzzard
2481912,White Stork
9701857,Western Yellow Wagtail
2474156,Common Quail
2480482,Western Marsh Harrier
2494543,Eurasian Bullfinch
2492462,European Robin
2494686,European Goldfinch
1938520,Clouded Apollo
2497306,Long-Eared Owl
6065841,Little Gull
5137612,Clouded Yellow
2482492,Common Raven
2481119,Black Tern
2480666,Short-Toed Eagle
2473958,Grey Partridge
2482048,Little Grebe
2480495,Montagu's Harrier
2480863,Black-Crowned Night Heron
1898286,Red Admiral
2492956,Eurasian Blackcap
2481713,Wood Sandpiper
9752617,Great Egret
2494200,European Serin
2481714,Common Redshank
9797180,Grey Heron
9809229,Common Starling
2497266,Little Owl
9413670,Yellow-Legged Gull
2493129,Sedge Warbler
2480910,Eurasian Bittern
5231198,Eurasian Tree Sparrow
2481062,Red-Footed Falcon
2481909,Black Stork
2481121,Whiskered Tern
2477927,White-Backed Woodpecker
2495414,Rock Dove
2474055,Rock Partridge
1626315,Duizendbladboorvlieg
6161347,Grass Snake
2925892,Blueweed
2491498,Rock Bunting
2146584,Lycose Tarentuline
5249496,Blek Kantarell
4431801,Anthaxie Fulgurante
2477411,Alpine Swift
7307319,Alpen- Steinquendel
1536009,Donkere Fopwesp
7437802,Stripetege
8411684,Dennenboktor
8262702,Wild Parsnip
3033263,Hvitveis
5032718,Bedeguar Gall
8409388,NA
7874883,Germander Speedwell
2166135,Kantig Krabbspindel
2542395,Red-Belted Bracket
2890560,Blankstorkenebb
3172549,Trumpet-Creeper
5414989,Grecian Foxglove
4485895,Zuidelijke Koolschildwants
8352976,Schlauch-Enzian
3189747,Hoary Plantain
1335213,Sculptured Resin Bee
4299368,Painted Lady
2139961,Barn Funnel Weaver
2134371,NA
2152911,Comb-Footed Cellar Spider
2151378,Cave Spider
2151599,Holenwielwebspin
4550544,Steentrechterspin
8773033,Middle Spotted Woodpecker
2487385,Eurasian Penduline Tit
2490604,Woodlark
8000602,Eurasian Wigeon
2498255,Common Pochard
4408759,European Stonechat
2490669,Crested Lark
7901064,Song Thrush
2495455,Common Wood Pigeon
2493052,Willow Warbler
2478523,European Green Woodpecker
2495708,European Turtle-Dove
2491557,Reed Bunting
9752149,Fasan
7634625,Corn Bunting
9537647,Goosander
6065824,Black-Headed Gull
5228199,Common Moorhen
2492576,Spotted Flycatcher
9274012,Garganey
6100954,Western Jackdaw
2492601,Collared Flycatcher
8012314,Eurasian Wryneck
2481800,Common Sandpiper
2495696,Eurasian Collared Dove
2478031,Syrian Woodpecker
2481728,Green Sandpiper
2489160,Sand Martin
2495000,Long-Tailed Tit
9015784,Lesser Spotted Woodpecker
2484596,Goldcrest
2475532,Common Kingfisher
7660710,Common Nightingale
5231918,Common Cuckoo
2492943,Common Whitethroat
2482513,Rook
2493128,Great Reed Warbler
6092830,Eurasian Siskin
2491534,Yellowhammer
2481035,Eurasian Hobby
8332393,Northern Shoveler
2474831,Water Rail
2490719,Common Blackbird
2493091,Common Chiffchaff
2487879,Eurasian Blue Tit
9451184,Indian Peafowl
2487843,Marsh Tit
9409796,Carrion Crow
2492955,Barred Warbler
2484916,Eurasian Nuthatch
7788295,Eurasian Oystercatcher
2475365,European Roller
2488949,Pirol
9282206,Tawny Owl
5231438,Winter Wren
2474377,Eurasian Coot
2480726,Osprey
5739317,Common Redstart
2498259,Ferruginous Duck
9415596,Horned Lark
2492854,Lesser Grey Shrike
2477968,Great Spotted Woodpecker
10095118,Pygmy Cormorant
2498388,Mandarin Duck
1427037,Bosbeekjuffer
1919712,Orange-Tip
5346998,Lakrismjelt
1340344,Hill Cuckoo-Bee
8622852,Stonewall Rim Lichen
1427067,Banded Demoiselle
1894840,Small Tortoiseshell
5135513,Meadow Brown
5333294,Sweet Chestnut
5390618,Golden Chamomile
1820406,Gypsy Moth
2808330,Orchis Pyramidal
5421338,Gasplant
2890668,Stankstorkenebb
7555806,Echte Mauerspinne
4506278,Grote Mierwesp
1954563,Speckled Yellow
2879520,NA
8148822,NA
2441056,Domestic Goat
6027089,Perfoliate Alexanders
3171951,Purple Mullein
3189767,Groblad
5219618,Northern White-Breasted Hedgehog
8001799,Blauschwarzer Eisvogel
1080733,NA
5420852,Tysbast
9268470,Geribbelde Tuinslak
5751064,Mylabre Inconstant
2493367,Bearded Reedling
8211070,Eurasian Red Squirrel
2498036,Greylag Goose
2498009,Gravand
9751099,Muscovy Duck
1426293,Kleine Tanglibel
1319599,Balkan Desert Ant
3149879,Hestehov
1325195,Oranje Schorpioenmier
4459177,Cerambicide Del Fico
8370958,Echte Kamille
5372693,Netz-Weide
1340365,Blood-Tailed Bumble Bee
5758736,Gartenwanze
2984535,Humle
1340405,Common Carder Bee
5151589,Oriental Cockroach
1763072,Pale Shoulder
2516847,Fir Broom Rust
2769775,Spineless Butcher's-Broom
7762841,Large Tortoiseshell
1334821,Wool Carder Bee
4535809,Marsh Fritillary
1020926,Collared Flat-Backed Millipede
5220126,European Roe
2816176,Nestwurz
10828425,Coden Fwg Fanfraith
7339269,Kabschia Saxifrage
4459660,NA
1579909,Myrvapenfluga
5751237,Black-Headed Cardinal Beetle
4388646,Syrekanttege
5249271,Jelly Ear
2551542,Charcoal Burner
4392756,Zweipunkt-Ohrwurm
4485722,Ankerwanze
1687559,Large Saw-Tailed Bush-Cricket
2444308,Nose-Horned Viper
8056420,NA
1929697,Small Copper
8731701,NA
12032836,NA
4485845,Kleefkruidschildwants
9072021,Chicken of the Woods
2888605,Krossved
3020791,Sweet Cherry
8105693,Immenblatt
2891079,Rock Crane's-Bill
5352251,Robinia
2687937,Water Horsetail
1710331,Fieber's Mountain Grasshopper
1700310,Blue-Winged Grasshopper
2482054,Great Crested Grebe
1694185,Decticelle Orientale
2974811,Hungarian Vetch
1688490,Graceful Bush-Cricket
3002461,Hunds-Rose
2752979,NA
5690287,Orpin Pourpier
3495681,Morilla Rubia
1861797,Glasvleugelpijlstaart
1649571,Laangzelleg Keeltmustik
1652063,Ljusbandad Kustmygga
1649565,Stor Husmygg
5886130,NA
5886155,NA
2182588,Sheep Tick
1654194,Fangernol-Himmelmustik
1652274,Vexans Mosquito
1648899,Plantenboorsteekmug
1651525,Tree Hole Mosquito
1653175,Grodmygga
1651405,Floodwater Mosquito
5981165,NA
1652991,Northern House Mosquito
4548126,Mediterranean Hyalomma
1653124,Gaarde-Mustik
1650731,Malariamug
5981161,NA
1650338,NA
5886149,NA
1641188,NA
5981236,NA
1632309,NA
9301935,NA
2183577,Blacklegged Tick
5981255,NA
1632544,NA
1631747,NA
3085419,Stein-Nelke
3085413,Deptford Pink
5356345,Gullregn
11035581,Valse Muurschotelkorst
1710962,Stripe-Winged Grasshopper
2468095,Slow Worm
5361909,Fig
3117424,Daisy
3169131,European Spindletree
4490480,NA
9626820,NA
2927324,Yellow Archangel
5334186,Svaleurt
2855860,Chives
12193099,NA
8197849,Common Orange Lichen
2856261,Ail Jaune
1924494,NA
5124911,Tauvlinder
5376075,Garlic Mustard
3412864,Gelobd Dambordje
1686202,Vierpunktige Sichelschrecke
2890541,Little Robin
3189846,Norway Maple
3189866,Eschen-Ahorn
3679859,Convolvolo Elegantissimo
2880580,Turkey Oak
3189815,Horse-Chestnut
2812415,Affen-Knabenkraut
4911839,Purple Edge Bonnet
12205519,NA
2598526,NA
11341514,NA
2619324,NA
10705094,NA
12257099,Flapsporig Menhirzwammetje
8668791,Izabelkleurig Pelsbekertje
2593060,Pocket Plum
2599412,NA
8225376,Schwalbenschwanz
2808565,Narrmarihand
5259057,Vindlad Klockmurkla
1821856,Brown-Tail
5414335,Jordviva
7972010,Engkarse
3105380,Carline Commune
4448343,Red-Breasted Carrion Beetle
2548311,Turkeytail
2857601,Ail Des Ours
3738478,Schuppenwurz
6363496,Pracht-Nelke
6221746,Dark Green Fritillary
2547092,Dryad's Saddle
4486826,Firebug
8068867,Tinder Bracket
5240922,Gulskivemuslingsopp
4911813,Beautiful Bonnet
5359491,NA
5356581,Cicerchia a Pochi Fiori
5285079,Balkan Pine
4522933,Gewone Witvlekmot
1652212,Asian Bush Mosquito
2362955,Gjuca
2433433,Brown Bear
2139028,NA
2139116,NA
2139236,NA
7893880,NA
1653064,NA
2139235,NA
2139266,NA
1653695,Bescheide Mustik
2139309,NA
2139450,NA
2139227,NA
2927078,Bugle Rampante
5249297,Tripe Fungus
5356517,Perennial Pea
6268434,NA
2888443,Corn Poppy
7331666,Hain-Wachtelweizen
5241128,Common Porecrust
5706486,Fat Dormouse
9444556,Great Grey Shrike
2487857,Sombre Tit
2494441,Brambling
2888722,Dwarf Elder
2593405,Golden Cup
1732416,Fox Moth
2426661,Marsh Frog
2752849,Dog's-Tooth-Violet
3172077,Persischer Ehrenpreis
5356666,Gesse De Bauhin
5341187,Alpen-Vergissmeinnicht
3690985,NA
3136333,NA
2704922,Red Fescue
7625655,NA
7363846,Hasenohr-Leimkraut
2681728,Lesser Curled Hook-Moss
2681729,Geveerd Diknerfmos
2676091,Groot Staartjesmos
9011379,Bantry Notchwort
3922862,Renoncule De La Raxalpe
3027648,Alpen-Frauenmantel
2679967,Beekdikkopmos
4119220,Sesleria a Foglie Giunchiformi
7841203,NA
3640295,NA
5356461,NA
8105978,Stortuffmose
2972610,Berg-Esparsette
7307062,Kaskadtimjan
3032719,Saxifrage Ascendante
2676224,Kantig Staartjesmos
5369731,Bulgarian Avens
2974946,Hecken-Wicke
7923515,Soldanelle Des Alpes
2689491,Bekkeblonde
2676100,Fountain Apple-Moss
5365496,Gold-Fingerkraut
8077224,Eurasian Skylark
1798449,Herald
1864358,Small Elephant Hawk-Moth
1427883,Broad-Bodied Chaser
5101678,Ground Lackey
7339315,Maigull
5258678,Orange-Peel Fungus
5742496,Deutsche Skorpionsfliege
1690685,Wart-Biter
9095397,Goblet
3171969,Eufrasia Pettinata
5220170,Chamois
2520862,Willow Bracket
6097236,Orange Swift
8270406,Dingy Skipper
5156102,Western Conifer-Seed Bug
5976740,Macedonian Walking Bush-Cricket
2916975,Pink Woodruff
5371685,Bekkeblom
1071240,Skogtordivel
3172347,Blumen-Esche
3028699,Langhaariger Frauenmantel
3033266,Yellow Anemone
7332007,Orsinis Ehrenpreis
5411465,Campanula Pugliese
7984088,NA
5362008,White Stonecrop
1932411,Green Hairstreak
1734704,Grass Eggar
8153621,Sticky Catchfly
4485798,Knoopkruidschildwants
2722602,Wald-Segge
2797913,Grov Nattfiol
1556243,Strontvlieg
2840460,Black Vanilla Orchid
9213153,Nattfiol
5331235,European Field Pansy
2778437,Onionweed
2858581,Pheasant's-Eye Daffodil
3731843,Orobanche De Pancici
5358748,White Clover
5359018,Braun-Klee
2553128,Hairy Curtain Crust
3143034,Eastern Leopard's-Bane
5392252,Chicory
1923019,Iolas Blue
1920496,Small White
1541562,Gewone Rode Bladloper
4560976,NA
8137961,NA
2716489,Brown Galingale
3992189,Bristly Clubmoss
5329324,Holly-Leaved Naiad
4471016,Blue Ground Beetle
5204862,Bermpje
2360842,Bitterling
2367872,Balkan Golden Loach
4409634,Danube Gudgeon
2365685,Chub
2359706,Roach
2360551,Nase
5334227,Kaprifol
5206749,Large-Spot Barbel
1535529,Variabel Elfje
3112694,Dvergtistel
2394486,Pumpkinseed
2538088,Seta De Olivo
7591079,Salzburger Augentrost
1862765,Striped Hawk-Moth
8285827,Hasenpfoten-Segge
8429926,Bugle Pyramidale
3046041,NA
8185959,Musk Thistle
1901850,Kardinaalsmantel
4535620,Lattice Brown
1880140,NA
5744135,Livid Soldier Beetle
1425240,Blauwe Glazenmaker
5312179,Dingel
5389173,Yellow Oxeye
3172300,Liguster
3817384,Dripide Comune
5976815,Schmidt's Marbled Bush-Cricket
3040249,Osp
8109173,Grizzled Skipper
9220780,Hawthorn
3168109,Kaitakello
5744106,Zwart Soldaatje
2149937,Longbodied Cellar Spider
2880130,Vintereik
6376340,French Meadow-Rue
5284884,Gran
7270381,Schwalbenwurz-Enzian
2925889,Hoher Natternkopf
7127810,Cyclamen De Naples
5341373,Hohes Helmkraut
2875818,Hainbuche
1690432,Oak Bush-Cricket
1838911,Schuursikkelmot
1738245,Zilvervlekbladroller
1909838,Nettle-Tree Butterfly
7845022,Fragrant Orchid
8794742,Purpur-Knabenkraut
2808461,Orchis Punaise
5324940,Balkan Lizard Orchid
2795952,Stor Skogslilja
9117055,Sycamore Tarspot
8925249,Black Crowberry
5249504,Chanterelle
2525710,False Chanterelle
3152374,Wilde Malve
3084719,Common Purslane
5249353,Jelly Tooth
3082234,Cornouiller Sanguin
5248508,Bearded Tooth
2482552,Red-Billed Chough
9702100,Viviparous Lizard
1312367,Gewone Reuzenmier
2840555,Frivald's Gymnadenia
2433753,European Otter
8553372,Zwervend Lieveheersbeestje
5415020,Linaire Commune
2435035,Domestic Cat
2165401,Groene Krabspin
5248458,Earpick Fungus
5242777,Magpie Inkcap
5242507,Liberty Cap
3095609,Common Fleabane
4428461,Chequered Click Beetle
3172001,Garden Snapdragon
2891783,Balfour's Touch-Me-not
4445931,NA
10258634,NA
10029403,NA
3929423,Pulsatille De Haller
3928615,Mogop
7278071,Alpen-Anemone
7277925,Berg-Anemone
1651430,Tiger Mosquito
2891147,Skogstorkenebb
8303746,Mount Olympus Sage
2888948,Alpen-Ampfer
9387884,NA
2232971,Strigamie De L'engadine
2208185,NA
2229218,NA
1022070,NA
10412218,NA
1699913,Sibirische Keulenschrecke
4417555,Steinkrebs
2533359,Estrofaria Verde
5243458,Field Mushroom
5954949,Pine Bolete
7872906,European Mole
2150764,Kraamwebspin
7540164,Brunskogsnegl
7611086,Millepertuis De Richer
2484890,Western Rock Nuthatch
7571319,Eurasian Pygmy Shrew
1761735,Old Lady
7389824,Asian Large Skipper
3127613,Jersey Knapweed
3034830,Hogweed
5858758,Brown Garden Snail
1713302,Braune Strandschrecke
2203611,Common Pill Woodlouse
1684006,Steppen-Sattelschrecke
2178930,Gutspalplynxspin
1782560,Angle Shades
2158999,Platte Wielwebspin
7764232,Paon De Nuit Austral (Le)
7987658,Lawyer's Wig
1315144,Black-Backed Meadow Ant
2965287,Cseplesz Lucerna
3128285,NA
5661495,Albanische Moltkie
3120317,NA
5134682,Arran Brown
4388663,Rhombic Leatherbug
2927280,Betonie
2927000,Clary
3033836,Dauphinelle Consoude
2926894,Black Horehound
3070106,Cypress Spurge
5220136,Fallow Deer
1342108,Violet Carpenter Bee
2426795,Griechischer Frosch
8824388,Salmon Salad
5960862,Adder
3085360,Soapwort
1311527,European Hornet
1013464,Hungarian Pachyiulus
7750780,Blodsnylterot
2926945,Wild Basil
2440891,Ass
3809939,NA
5115771,Four-Spotted Footman
2481047,Peregrine Falcon
4473762,NA
7955974,Scotch Burnet
4473688,NA
4473786,NA
2753505,Albanian Lily
3190653,Tree-of-Heaven
5331347,Wild Pansy
5369701,Water Avens
5640455,Zwerg-Primel
7334006,Orpin Des Alpes
8133541,NA
2925855,Goldendrop
3742214,Alppiwulfenia
7956743,Immortelle
4485843,Brown Marmorated Stink Bug
2926683,White Dead-Nettle
5414062,NA
2494329,Hawfinch
2490274,Tawny Pipit
5228676,Common Swift
2492942,Garden Warbler
2481819,Common Snipe
2478548,Grey-Headed Woodpecker
2497701,Eurasian Scops Owl
2493118,Eurasian Reed Warbler
2492960,Lesser Whitethroat
2487603,Eurasian Treecreeper
6093527,Firecrest
2493551,Savi's Warbler
2489214,Mehlschwalbe
8128385,Wood Warbler
8214667,Eurasian Teal
2493136,Marsh Warbler
2487866,Willow Tit
5229167,Black Kite
2481700,Eurasian Woodcock
5231763,Dunnock
9613112,Black-Headed Bunting
2493012,Cetti's Warbler
2493220,Icterine Warbler
7865305,Ring Ouzel
2498261,Tufted Duck
2495471,Stock Dove
2481719,Marsh Sandpiper
2490737,Fieldfare
2497921,Barn Owl
7806848,Short-Toed Treecreeper
2481726,Common Greenshank
9813242,Merlin
2490266,Meadow Pipit
2498017,Greater White-Fronted Goose
2480259,Pied Avocet
2875780,Orientalisk Avenbok
3797084,Japanlykt
7656811,Streckad Hedspinnare
1165552,Antribe Minime
8338716,Groene Boktor
5410436,Creeping Bellflower
4485839,Almond Stink Bug
7723078,Vortespolebusk
2098131,Fourmillion Longicorne
1428715,Southern Skimmer
1311649,German Wasp
1933095,Brown Argus
2059300,Almindelig Buskcikade
2026242,Bunte Graszirpe
5138561,Silver-Studded Blue
5714680,Reverdin's Blue
5141291,Eastern Festoon
5137903,Wood White
11874998,NA
8946979,Lilienblatt-Sichelschrecke
1425327,Bledi Vetrnjak
2050224,Kalvoruskolude
1717828,Sumpfgrille
5772890,Weaver's Fritillary
1926861,Northern Blue
5002115,Liten Ekbock
7496589,Cigale Des Balkans (La)
2016266,European Alder Spittlebug
7666233,Green Dark Bush-Cricket
1933138,Northern Brown Argus
1896841,Ringlet
1894268,NA
7634721,Chapman's Blue
1708167,Carpathian Dancing Grasshopper
1701343,Kleine Goldschrecke
1716462,Feldgrille
7485500,Gemeine Zikade
1922584,Baton Blue
8133678,Essex Skipper
7728366,Pearly Heath
1918733,Delattin's Grayling
1911278,NA
1911298,Russian Heath
5005597,NA
2013556,NA
8078362,Niobe Fritillary
8168644,Glanville Fritillary
1920851,NA
1688297,Schmidts Buntschrecke
1688031,Gestreifte Zartschrecke
1143990,Lepture Fauve
4391874,Corise De La Jusquiame
4485787,Kleine Sichelfleck-Baumwanze
8393082,Spotted Fritillary
4482791,Lined Spittlebug
7582240,Siljolude
2070972,Brisly Olive Grass Aphid
7622059,Gatekeeper
8356768,Purple-Shot Copper
1928248,Chequered Blue
1931779,Tuominopsasiipi
1925918,Holly Blue
1692724,Blackwinged Saw Bush-Cricket
1421193,Gestreifte Quelljungfer
7648359,Metallfarbener Distelbock
5140214,Common Blue
1928960,NA
4525266,Small Eggar
4532493,Mother Shipton
4483700,Triftengraszirpe
1899349,Lesser Spotted Fritillary
8189761,Twin-Spot Fritillary
1423859,White-Legged Damselfly
1081186,Noble Chafer
4485955,New Forest Shieldbug
8277078,Mallow Skipper
5138543,NA
4535636,Braunauge
1702607,Balkan Pincer Grasshopper
1421199,Balkan Goldenring
11104870,Eschenzikade
4485936,Engbreitege
7664111,Ripart's Anomalous Blue
1934693,Duke of Burgundy Fritillary
7792296,Meadow Grasshopper
7591128,NA
1314946,Bruine Baardmier
5749489,Breed Kapoentje
1428686,Black-Tailed Skimmer
5137706,Pale Clouded Yellow
8140883,Braamparelmoervlinder
1916412,Balkan Marbled White
8273661,Small Skipper
5138681,NA
5879654,Common Swift
7807922,NA
2030364,Ankergraszirpe
4535632,Wall Brown
1899818,Freyer's Fritillary
4486660,Kortschildkeverwants
1539177,Grote Langlijf
5139156,Mazarine Blue
1684290,more-Modest Plump Bush-Cricket
1899433,Heath Fritillary
5758737,Forest Bug
8203812,Berger's Clouded Yellow
5140436,Meleager's Blue
1080269,Guldbasse
1925454,NA
2036109,Triftenzikade
5732383,NA
4488359,Gefleckte Dicknase
1920494,Green-Veined White
1893137,False Grayling
1425203,Southern Migrant Hawker
8321248,Harige Bladvreter
1043082,Adonis' Ladybird
1684269,Showy Plump Bush-Cricket
1920892,NA
4990995,Common Cockchafer
5882965,White-Letter Hairstreak
1921466,NA
1949929,Olive Skipper
1699474,Common Straw Grasshopper
4452301,Behaard Lieveheersbeestje
2008601,Rote Raubwanze
4431768,Richard Coeur De Lion
4431813,Blinkende Prachtkever
7419948,NA
1925233,Adonis Blue
1920498,Balkan Green-Veined White
5865098,Green Emerald Damselfly
9695352,Alfalfa Plant Bug
1926260,Small Blue
2079190,Toortsschildwants
2057695,NA
8138711,Kleiner Schillerfalter
2049024,Punktierte Graszirpe
2016038,Meadow Spittlebug
1902533,Landkaartje
1695309,Fischer's Bush-Cricket
4535510,Dryad
4486682,Harige Rookwants
1792418,Silver y
7538141,NA
2039296,Erlenmaskenzikade
1932976,Lang's Short-Tailed Blue
1924097,Green-Underside Blue
1722161,NA
1920218,Black-Veined White
4485824,Bessenwants
2056389,Zwergspornzikade
2016796,Zwenkenschaumzikade
1918669,Woodland Grayling
1138576,NA
2035333,Gefleckte Zwenkenzirpe
4482797,Waldschaumzikade
1743775,Barred Marble
2049661,Eastern Spruce Gall Adelgid
2015789,Leafhopper
1541217,Drone Fly
1959383,Brown Scallop
2072955,Active Gray Pine Needle Aphid
4427299,NA
4457210,NA
4486687,Doffe Donsrug
1639362,NA
4458867,Bleg Sirbuk
8216670,Ekblombock
5749357,Alnyckelpiga
6097844,Ongevlekt Lieveheersbeestje
1638184,NA
1543205,Brunpannad Fotblomfluga
2072196,Oleander Aphid
1639161,NA
1873079,Indian Meal Moth
2020690,Birnblattwanze
7903078,Esparsetten-Widderchen
2073990,Brun Egebarkbladlus
9559371,NA
2072357,NA
4462355,Eikeaardvlo
1544230,Kegelnarcisvlieg
1539969,Toortsgitje
4516695,Weidegitje
1537266,Bessenbandzweefvlieg
1714140,Kreuzschrecke
1701365,Mottled Grasshopper
1695059,Balkan Saw Bush-Cricket
2072795,Elder Aphid
4516740,Gele Heidedwerg
1688109,Balkan Bright Bush-Cricket
4431775,Anthaxie Du Saule
1790368,NA
1710816,NA
1710463,Kleine Knarrschrecke
4402806,Ebner's Modest Bush-Cricket
5109661,Kungsljuskapuschongfly
1694532,Short-Winged Spiny Bush-Cricket
1538796,Grote Fophommel
1758878,Satellite
1684939,Serbian Pygmy Bush-Cricket
1782927,Scarce Dagger
8851157,NA
1706064,Balkan Mountain Grasshopper
8546826,Almindelig Smalbuk
1765954,Heart Moth
1991371,Common Emerald
8035998,Tree Grayling
1544312,NA
2077503,Pea Aphid
1776330,Grey Arches
1956599,Mottled Umber
1688230,Slender Bright Bush-Cricket
1730978,Leopard Moth
1693928,Macedonian Steppe Bush-Cricket
1949852,Alpine Grizzled Skipper
10974281,Balkanzijde-Erebia
5140244,Eros Blue
8016522,Alcon Blue
1925221,Bleek Blauwtje
8312017,Great Sooty Satyr
1912395,Balkan Fritillary
1906552,Oriental Meadow Brown
5135191,Scotch Argus
5137902,Eastern Wood White
1769505,Lunar-Spotted Pinion
1710986,Lesser Mottled Grasshopper
1983548,Angle-Barred Pug
1918854,Eastern Rock Grayling
4447389,NA
8108800,Katoendaguil
8073674,Lulworth Skipper
1943397,Tufted Marbled Skipper
4299597,Natterwurz-Perlmutterfalter
5131910,Purple Emperor
5142394,NA
7387466,NA
1082966,Kortvleugelboorkever
5747774,NA
1913175,NA
1929270,Large Copper
5134469,Large Ringlet
1920491,Scheefbloemwitje
5131096,Hungarian Glider
1922937,Cranberry Blue
1708494,NA
5744295,Glow-Worm
5137668,Balkan Clouded Yellow
1846219,NA
5130682,Camberwell Beauty
7633472,Silver-Spotted Skipper
1920506,Large White
7791190,Bright-Eyed Ringlet
7809779,High Brown Fritillary
1930110,Brown Hairstreak
1799132,Blossom Underwing
5134098,NA
4403032,Durmitor Bright Bush-Cricket
1688979,Decticelle Bicolore
1729816,Lazaropole Cave-Cricket
7934873,Flockenblumen-Scheckenfalter
7799370,Hochalpen-Perlmutterfalter
5116698,Hoary Footman
5747885,NA
5132183,Poplar Admiral
1919320,Eastern Dappled White
1949794,Large Grizzled Skipper
8237987,White Ermine
1438868,Puroraspikas
5054043,Tummaseulakas
1430527,Koskihormikas
1433906,NA
1433711,NA
5109523,Grauwe Monnik
4533849,NA
7869346,Gevlekte Pijluil
1787770,Marbled Coronet
1781008,Ceinture Brune (La)
1790072,Geelbruine Herfstuil
1790062,Roodbruine Herfstuil
1777631,Vampyrfly
1797276,French Red Underwing
5143947,March Moth
4524914,Gnophos Glauque (La)
1978776,Appeltak
4524376,Yellow Shell
4524184,Cidarie Des Alpages (La)
5146762,Acidalie Des Alpages
6121184,Oranje Kruidenmot
1798931,Northern Drab
1949877,Yellow-Banded Skipper
8178854,Marbled Skipper
1920512,Mountain Small White
8047165,Silky Ringlet
8262258,Black Ringlet
8426357,Narrow-Bordered Five-Spot Burnet
5772063,Spotted Sulphur
4523522,Blotched Emerald
1799799,Small Yellow Underwing
5868121,Keltaneulasvarpiainen
5054177,NA
5053142,NA
5053131,Dikpalp-Geelkraagje
5053991,Saksinseulakas
5054241,NA
1430666,NA
1436214,Interrupted Long-Horned Caddisfly
1441375,NA
1443420,NA
1438079,NA
1430411,NA
4534719,Green-Brindled Crescent
1795215,Tree-Lichen Beauty
7712384,Bryophile Lupuline (La)
1774347,Stout Dart
1782319,Caradrine De La Pulmonaire (La)
1776619,Small Angle Shades
1765011,Mottled Rustic
1957718,Chalk Carpet
5145186,Tawny Wave
1771040,Turnip Moth
5102951,Common Yellow Conch
6097020,Bleekbuikbladwesp
1435251,NA
1441865,NA
1431624,NA
1433936,NA
1436629,Vuosarvekas
5054434,NA
4482345,Hammasraspikas
1431736,NA
1434354,NA
1767597,Dark Spectacle
1782763,Bont Schaapje
4533433,Ingrailed Clay
1766646,Green Arches
1759097,Donkere w-Uil
4533347,Dark Brocade
1790002,Flounced Chestnut
1768771,Dotted Chestnut
1765038,Caradrine Terreuse (La)
5113234,Fan-Foot
8103163,Anthophile De L'herbe-Aux-Anes (L')
11598540,NA
5144543,Black-Veined Moth
5769062,Spring Usher
1961040,Small Grass Emerald
1969954,Tissue
1971858,Small Waved Umber
1970213,Purple Bar
5146946,NA
5147038,NA
1882210,Diamond-Spot Sable
1889833,Olive-Tree Pearl
8964772,Bronze Forester
7674502,Slender Scotch Burnet
1798372,Raggfly
4476667,Akkerboogkever
5754640,Pekloopkever
7508714,Gepuncteerde Zwartschild
4472331,NA
7798382,Water Ringlet
1926324,Purple Hairstreak
1860768,Geelbandlangsprietmot
1744593,Brandnetelbladroller
1970284,Grass Wave
1441860,NA
1451712,NA
5053695,NA
1774285,Green-Brindled Dot
1766741,Kupfereule
1789745,Broad-Bordered Yellow Underwing
5772176,Clay
1768815,Red-Headed Chestnut
1792645,Orange Upperwing
4532412,Ljusribbat Vickerfly
1765767,Dot Moth
5143944,Najaarsboomspanner
5880550,Peacock Moth
1990066,Scalloped Hazel
5149438,Clouded Border
1957572,Willow Beauty
1957816,Shaded Broad-Bar
1986220,Silver-Ground Carpet
7555991,Cidarie Glauque
1984942,Treble Bar
1871407,Gold Triangle
1786360,Ni Moth
1782627,Tweekleurige Heremietuil
4534914,Three-Humped Prominent
1962265,Purple Thorn
4523564,November Moth
1858637,Rose Plume
8796936,Lepture De Pique (Femelle)
1143384,Rode Boktor
4470722,NA
6097889,NA
7999433,NA
5872127,Beekpriemkever
5754576,NA
8335802,NA
8233062,Swiss Brassy Ringlet
8208583,Kleines Ochsenauge
7738295,Dewy Ringlet
8167638,Mountain Ringlet
1931179,NA
1825064,Pale Prominent
2020655,Sycamore Lace Bug
5053155,NA
1441801,NA
5053729,NA
1945589,Persian Skipper
1947335,Chequered Skipper
5070833,NA
1249729,European Pine Sawfly
1443303,NA
2021010,Field Damsel Bug
1767625,Spectacle
1783043,Miller
8742426,Marbled Grey
4533273,Merveille Du Jour
1759153,Centre-Barred Sallow
7725644,Saltern Ear
1797349,Compagne (La)
5769068,Dotted Border
7769543,Yellow-Ringed Carpet
1992066,Double-Striped Pug
8014296,Small Blood-Vein
1878862,Okernebbmott
1797178,Light Crimson Underwing
5146659,Ochraceous Wave
4480293,NA
1925381,NA
5117200,Feathered Footman
5144805,Lace Border
8158342,Hufeisenklee-Widderchen
5054240,NA
1435164,NA
5054073,NA
1441371,NA
1430468,NA
1434149,NA
1031692,f-Winged Barklouse
5759064,Alsemschaduwwants
4534538,Rosy Minor
1981696,Drab Looper
6096910,Narrow-Barred Fusehorn
1434961,NA
5054080,NA
5054111,NA
1435562,Sinisarvekas
1433703,Pohjanlouhekas
1795236,Bryophile Modeste (La)
4533431,Purple Clay
4533824,Fuyarde (La)
5111481,Devonshire Wainscot
1787417,Pale Stigma
1786902,Grey Chi
5110200,Burren Green
1782579,Green Angle Shades
1790816,Lunar Double-Stripe
1761041,Schaaruil
8421569,Small Engrailed
1977967,Kalkbandspanner
5144900,Mullein Wave
5146559,Riband Wave
1881151,Rush Veneer
1766274,Kromzitter
1791846,Bonte Granietuil
1786936,Lyst Klippefly
1787213,Bleke Stofuil
8352161,Beet Armyworm
1970243,Boarmie Plumeuse (La)
1965795,Northern Spinach
5148436,Sparspanner
5147193,Dwarf Cream Wave
7598973,NA
4472373,NA
7552938,NA
7759824,Poplar Borer
6097878,Bospriemkever
8219006,NA
4476940,NA
1862580,Eyed Hawk-Moth
1860987,NA
1888491,Dusky Grass-Veneer
5768160,Disjunct Forester
1792411,Beautiful Golden y
5109550,Cucullie De La Rue-Des-Chiens (La)
5772351,Double Square-Spot
8253467,Gestreepte Rietuil
1797479,Clifden Nonpareil
1986166,Red Twin-Spot Carpet
11017128,NA
4476598,NA
5873215,Kalkkruiper
6097913,Breedhalskruiper
9750962,Behaarde Kruiper
5716410,Kleine Strandloopkever
5755399,NA
4483831,Sortgul Cikade
1453052,NA
1433914,NA
1771698,Pink-Barred Sallow
1759661,Conformist
8007222,Large Nutmeg
1776862,Bird's Wing
1765017,Clancy's Rustic
4525068,Olkipaahdemittari
1962636,Scorched Carpet
1988593,Green Carpet
5144721,Acidalie Grisonnante (L')
5149820,Bruine Oogspanner
5772222,Kosmopoliet
9414984,NA
1988881,Dingy Shell
1955694,Vestal
5146611,Isle of Wight Wave
9128025,Almindelig Tandbuk
7976796,Aiguille Travailleuse
4472900,Early Sunshiner
5873214,Sobere Kustkruiper
5754974,Akkersnelloper
1436758,NA
5152740,Ketovirnalude
1783855,Golden Plusia
1772940,Graanworteluil
1798984,Common Quaker
6097254,Donkerbruine Snuituil
5880533,Tawny-Barred Angle
1969958,Cavernicole Blafarde
1875120,Prachtmot
5147441,Portland Ribbon Wave
7387665,NA
1541763,Hommelreus
5054382,NA
1441518,NA
1433314,Koskipalkonen
1772179,Gold Spot
1780926,Gele Granietuil
1781016,Ceinture Rousse (La)
1769519,Lesser-Spotted Pinion
1790153,Graubraune Herbsteule
1759667,Geelbruine Houtuil
1790361,Red Sword-Grass
1768341,Frosted Orange
1770307,Flounced Rustic
4534486,Bleke Grasworteluil
1799701,Glanzende Marmeruil
4532508,Jubilee Fan-Foot
1797258,Red Underwing
1759069,Pale-Shouldered Brocade
1968867,Feathered Thorn
4524740,Pale Brindled Beauty
1963306,Sussex Emerald
1982541,Juniper Pug
7940536,Heart and Club
1962268,Lunar Thorn
1111942,NA
9182620,NA
4473579,NA
1035929,Pale Pin-Palp
5754745,Bosak Punktowany
7510907,NA
1798807,Snout
4522911,Bokantennmal
1358088,Asbij
1434211,NA
5054452,NA
1438558,NA
1436694,NA
1430530,NA
1434372,NA
4532919,Espers Wiesenrauten-Silbereule
5772169,White-Speck
1776371,Bruine Heide-Uil
4532516,Clay Fan-Foot
4525078,Klaverspanner
1787400,Hoeklijnuil
1973467,Brown Silver-Line
1981998,Zuidelijke Spikkelspanner
1959395,Dark Umber
5165586,Mellusvoksvinge
2107889,Verwechselter Fanghaft
4459361,NA
1771531,Hedge Rustic
1759637,Xyline De L'aulne (La)
5143697,Common White Wave
1764209,NA
1957706,Tandbandspanner
5755593,NA
4472675,NA
5757120,Kalknachtloper
1861644,Convolvulus Hawk-Moth
1433809,Virtalouhekas
5772186,Wortelstreepgrasuil
8756768,Wilgenweeskind
1957852,August Thorn
5769072,Najaarsspanner
1967273,Straw Belle
5147208,Plain Wave
5884851,Brown China-Mark
5804895,Cryptic Wood White
8416348,Autumn Silkworm Moth
5105339,Festoon
4473720,NA
8064055,NA
4472993,Borstelglimmer
4475636,NA
4475040,Boslangtars
1971888,Egale Bosrankspanner
7649338,Berkenboktor
8964283,NA
1430551,NA
1441608,NA
1439839,Pikkuseulakas
4487099,Common Damselbug
6097260,Pease Blossom
1770416,Radford's Flame Shoulder
1765751,Coler Ddu'r Dwyrain
4524636,Great Oak Beauty
1956440,Common Heath
1777517,Noctuelle Adulatrice (La)
4302252,The Gem
1035185,Common Sun Beetle
8017063,NA
7499368,NA
5054385,NA
1434120,NA
1769514,NA
4524638,Pale Oak Beauty
1763610,Antler Moth
4532351,Paignton Snout
1825077,Iron Prominent
4458855,NA
5755587,NA
4476429,NA
4473202,NA
5754521,NA
5873207,Grindkruiper
4482564,NA
1773163,Garden Dart
1790160,Bruine Herfstuil
4532366,Rjavkasta Starikavka
1798408,Burnet Companion
8856895,Gegolfde Lichtmot
1872901,Meal Moth
8403618,Cistus Forester
1778596,Smalvleugelrietboorder
1786980,Geometrician
5880545,Sharp-Angled Peacock
8705902,Plum Beetle
4470829,NA
1036192,Akkerpriemkever
1035931,Seine Riverbank Ground Beetle
7519719,NA
4476293,NA
4472838,NA
5755053,Agonum Des Marais
7449579,NA
1993419,Bosrankvlinder
2104271,Witstreepgaasvlieg
4516839,Stipfopwesp
1541740,Wespreus
1268824,NA
1789267,Brindled Green
1957791,Gelijnde Bruinbandspanner
7576840,Old House Borer
5873357,Groene Fluweelloper
5123474,NA
5035816,Kalkjordmaur
1798594,Buttoned Snout
1886579,Greenish-Yellow Sitochroa Moth
1966017,Blood-Vein
5716472,Green Drake
2106057,Gevlekte Gaasvlieg
1356981,Early Mining Bee
2105987,Groenkopgaasvlieg
2105909,Dennengaasvlieg
2097566,NA
9792543,NA
4525369,Spindle Ermine
1314881,Grauwzwarte Mier
1310622,Cryptische Veldwesp
1737847,Codling Moth
5101745,Lackey
1831136,Diamondback Moth
4534166,Clover Cutworm Moth
5123221,White Plume Moth
7596232,Manteau Jaune (Le)
1766137,Copper Underwing
5141677,Large Chequered Skipper
7762279,NA
4458844,Hjerteplettet Blomsterbuk
2103121,Ascalafo Latteo
1316070,Untergrundameise
1768702,Chestnut
5871389,European Paper Wasp
5154481,American Buffalo Treehopper
1419851,Lesser Earwig
5772269,Nazomeruil
5145009,Lesser Cream Wave
5149784,Geelbruine Oogspanner
1047536,Colorado Potato Beetle
2099348,NA
11120721,Sydlig Ornamentsvirreflue
1771509,Feathered Gothic
5147062,Purple-Bordered Gold
5125689,Rosy Tabby
5145260,Lewes Wave
4487625,Essenprachtblindwants
2007862,Harlequin Bug
4391843,Heirandtege
2078942,Metallbreitege
1984734,Chimney Sweeper
1542979,Gewoon Kopermanteltje
8537359,Gewone Coronamot
1808450,Nine-Spotted
1777253,Figure of Eight
1840408,Bonte Kaartmot
1768117,Dewick's Plusia
4532544,Clouded Buff
1782672,Knot Grass
1859046,Common Plume
1890772,Purpurengmott
4487578,Bruine Prachtblindwants
4486004,Negro Bug
4534240,Caradrine Aveugle (La)
4483172,Riesenzirpe
8352804,Glatte Wolfsmilchwanze
5866107,River Skater
1962860,Lilac Beauty
5758805,Flekktorntege
1494966,Hommeldaas
4528547,Sleedoornpalpmot
4522916,Bleke Langsprietmot
1858775,Ereprijsvedermot
1890534,Mynteengmott
5772178,White-Point
1877941,Large Tabby
4525777,Red-Belted Clearwing
1859285,Scherphoekvedermot
4485742,NA
1886587,Fijne Golfbandmot
1889287,Duingrasmot
2020522,Common Water-Boatman
2008338,Nettle Groundbug
2024221,Dornzikade
4485774,Groene Veldschildwants
2011597,Plant Bug
4486391,Apilakirkilude
1666756,Anthracite Bee-Fly
5758809,Ballotegraafwants
4487546,Lehtokauluslude
1424207,Bruine Winterjuffer
6097777,Gestreepte Schildpadtor
2008516,Masked Hunter
5758856,Hietaruutulude
1590998,Maartse Vlieg
6260393,Groene Rietcicade
6096794,NA
4391703,Grote Wolfsmelkwants
4486348,Kleine Praalridderwants
5758810,Hvidrandet Tornben
4486247,NA
1536449,Marmalade Hoverfly
4484303,Brassica Whitefly
4487326,Bruine Graswants
1149909,Bonte Ribbelboktor
5077646,Onion Maggot
4486868,Groenbuiksteltwants
4487361,Fackelblomskinnbagge
8357721,"Aiguille Des Piquants, Agapanthie Du Chardon"
1423540,Vuurjuffer
4487069,Ant Damsel Bug
5130587,Oostelijke Vos
7768674,False Heath Fritillary
1084559,Behaarde Gouden Tor
1920864,NA
1085286,Escarabajo Abeja Del Sureste
2059458,Steppenspornzikade
1688085,Fuss' Bright Bush-Cricket
1718616,Desert Cricket
8414861,Grote Wikkeluis
7651366,NA
2020734,Brede Bremnetwants
2075301,Fennel Aphid
2029899,Japanese Maple Leafhopper
1700023,Rote Keulenschrecke
2042862,Thymianzirpe
4486471,Bodzik Czteroplamy
1924713,Long-Tailed Blue
2076214,Black Cherry Aphid
7487615,Balkan Green Bush-Cricket
1428308,Southern Darter
7887483,Garver
2048618,Zwerggraszirpe
1695045,Black Saw Bush-Cricket
2040103,NA
5051951,Beekrombout
2078842,White-Spotted Stink Bug
4513963,Balkan-Smaragdlibelle
4457129,NA
4483651,Blasse Graszirpe
1423395,Blue-Tailed Damselfly
4459326,NA
4458501,Dikdijkever
1315117,Red Barbed Ant
10961399,NA
5744412,Richard Des Prunes
4488968,Gamandernetwants
5984937,NA
2074379,NA
1742185,Geisha
4474780,Drypta
1039003,Black Sexton Beetle
4489285,Wanderspornzikade
4483189,Karminzirpe
4489684,NA
5872954,Caterpillar-Hunter
4522744,Dark-Brown Vine Moth
2055973,Triftenspornzikade
4487904,Luhtakorppilude
5005909,NA
5034888,Fireflekket Tremaur
9660344,Kalms Dwergschaduwwants
4390084,Box Bug
4431899,NA
4425638,NA
6096772,Brede Smallijf
1841261,Vuurmot
8115081,Clairon Mutille
4457519,Meloe Enfle-Boeufs D'automne
5147478,Least Carpet
2018563,Weinbergs-Blutzikade
1885937,Sneeuwvlekje
1290330,Ichneumonid Wasp
4485806,Carpocore Des Montagnes
5160015,Spiked Shieldbug
1797367,Dark Crimson Underwing
1541146,Kleine Bijvlieg
5979474,NA
1544431,Hover Fly
1803073,Cream-Bordered Green Pea
7918000,Noctuelle Pluviophile (La)
2074893,Cabbage Aphid
1711091,Large Marsh Grasshopper
1544292,NA
1544367,NA
1789695,Large Yellow Underwing
10607859,Cypress Pine Aphid
2069572,Corn Leaf Aphid
1710224,Cheating Mountain Grasshopper
1710228,Albanian Mountain Grasshopper
1704187,Long-Winged Mountain Grasshopper
1536794,Scheefvlek-Korsetzweefvlieg
1540272,NA
2072851,Mealy Plum Aphid
1861510,Doodshoofdvlinder
1718308,House Cricket
4485952,Andoornschildwants
5122439,Kleine Reuzenzakdrager
1704559,Macedonian Mountain Grasshopper
1695282,Alpen-Strauchschrecke
1047449,Elm Leaf Beetle
1902749,Lesser Marbled Fritillary
1681124,Slender Ground-Hopper
1792996,Pearly Underwing
1540020,Tweekleurig Gitje
1911177,Balkan Heath
1680490,Mittelmeer-Dornschrecke
1862719,Spurge Hawk-Moth
1681155,Zweipunkt-Dornschrecke
4447391,NA
1736601,Sergeant-Majoortje
10146505,Balkan Band-Winged Grasshopper
1983525,Lime-Speck Pug
5054436,NA
1442294,NA
1437951,NA
1433734,NA
4532122,Box Tree Moth
1435549,Mustasarvekas
1442776,NA
4481911,Geulschietmot
1434253,NA
4534057,Bordered Gothic
1787610,Tawny Shears
1770150,Angle-Striped Sallow
1789982,Brown-Spot Pinion
1975897,Peppered Moth
1964637,Galium Carpet
1979473,July Highflyer
1779435,Rannoch Sprawler
1760104,Cloaked Minor
1788635,Alchymist
7704804,Bitbock
7690513,NA
5754497,NA
1437854,NA
1796463,Toadflax Brocade
4533442,Fen Square-Spot
1787590,Varied Coronet
1789255,Jaspe Brun (Le)
4533360,Beautiful Arches
4533136,Barred Sallow
5110818,Brighton Wainscot
1792292,Purple Cloud
5147681,Brindled Beauty
1986157,Garden Carpet
1982542,Common Pug
5148247,Late Meidoornspanner
1437081,Sorasarvekas
5053670,NA
1442295,NA
1808752,Wood Tiger
4534676,Shoulder-Striped Clover
1789694,Kleine Huismoeder
4534052,Campion
1763697,Flame Brocade
1769543,White-Spotted Pinion
4534485,Tweekleurige Grasuil
1787112,Marsh Moth
1965629,NA
7960566,NA
5768880,Barred Yellow
1984949,Purple Treble-Bar
5106362,Shaggy Burnet
1783971,Double-Spot Brocade
4534086,Gulpudrat Nejlikfly
1760246,Small Purple-Barred
4523885,Green Pug
1965197,Bruine Bergspanner
5146837,Satin Wave
9155736,NA
6097872,Bergpriemkever
5754503,NA
7934757,NA
2104217,Franjegaasvlieg
1737753,Pea Moth
4525562,Gelijnde Spitskopmot
1308216,NA
5126052,Gulsmalmott
5134543,Almond-Eyed Ringlet
1437150,NA
5054448,NA
5113078,Small Fan-Foot
1792426,Plain Golden y
5112291,Dotted Clay
4533255,Sivkasta Zapletenka
1790364,Sword-Grass
1796117,Rustic Shoulder-Knot
1784359,Groene Geelvleugeluil
1819145,Pale Tussock
1534603,Gevlekte Bollenzweefvlieg
5053644,NA
1431569,Sysiharjakas
1766784,Chersotide Du Perce-Neige (La)
1786619,Graslilieneule
1972449,Winter Moth
5147354,Bright Wave
1769897,Straw Dot
5149474,Stalkruidspanner
5054361,NA
1439194,NA
1441826,NA
2010165,Bruinscheenspringwants
5113847,The Druid
1782777,Poplar Grey
5109686,Cucullie De La Tanaisie (La)
1775172,Griposie Chatoyante (La)
4532500,Plumed Fan-Foot
1960617,Brimstone Moth
5143380,Mottled Beauty
1984993,Rayure Modeste (La)
5146961,Small Fan-Footed Wave
1766814,Braune Labkrauteule
4491340,NA
2021041,Boomsikkelwants
4516779,Zwarte Myolepta
4491789,NA
1435116,NA
2079252,Rasmarktege
4532890,Donkere Marmeruil
1800004,Scarce Merveille Du Jour
5109576,Cucullie Des Campanules (La)
1990551,Scalloped Oak
5149843,Dragoceni Topolar
1986171,Dark-Barred Twin-Spot Carpet
1785185,Golden Twin-Spot
1782615,Double Kidney
1823726,Draak
4476566,NA
1035208,Bruingele Glimmer
1442133,NA
5109506,Cucullie Lucifuge (La)
7972792,Splendid Brocade
4533128,Lindegouduil
1962204,Early Thorn
5143675,Common Wave
4523556,Pale November Moth
6546645,NA
4476577,NA
5754537,NA
9775518,Zespuntmoerasloopkever
5755307,NA
4473959,NA
2108709,Havuhohtovahiainen
7825213,Large Dagger
1760893,Deep-Brown Dart
1766410,Tawny Marbled Minor
1792300,Kis Sugarasbagoly
5769028,Ringed Carpet
1984954,Lesser Treble-Bar
5149659,False Mocha
5112336,Neglected Rustic
9013850,Small Poplar Borer
4478784,NA
7880450,NA
5054356,NA
1433818,NA
1796451,Antirrhinum Brocade
5110885,Red Chestnut
5112283,Square-Spot Rustic
1770821,Crescent Dart
1789076,Kompassla-Uil
5110670,Dusky Sallow
1770573,Blair's Wainscot
1766418,Bont Halmuiltje
1784812,Grijze Stofuil
1791132,Ophiuse De L'orobe (L')
4524950,NA
4524426,September Thorn
8361848,Common Carpet
1982500,Tawny Speckled Pug
4522785,NA
1798916,Powdered Quaker
8196495,Black Spruce Borer
1136138,Fireplettet Blomsterbuk
9796855,Donkere Spiegelloopkever
4478789,NA
4476584,NA
9806854,NA
5873218,Blauwe Kruiper
6097852,Kleine Dwergloper
1436692,NA
1441935,NA
1767608,Engbloemkapje
5109599,Absintmonnik
5772349,Triple-Spotted Clay
5772205,Southern Wainscot
4524951,Annulet
1957632,Lead Belle
5146883,Blasser Zwergspanner
4475911,NA
5754578,NA
4474998,Heath Short-Spur
5755293,Grote Tandklauw
7894883,Plant Bug
7438067,Dusky Brocade
1534751,Grootoog-Bollenzweefvlieg
1839774,NA
11992983,Small Quaker
8675740,NA
1431606,NA
5152885,NA
1861031,Hertshooilangsprietmot
6096911,Gele Rozebladwesp
1766721,Graue Labkrauteule
4533671,Autumnal Rustic
1760857,Feathered Brindle
5144190,Beautiful Carpet
1968990,NA
2010164,Hairy Plant Bug
4488905,Kleine Binsine
1786931,Agrotide Farouche (L')
4532203,Purple Marbled
1972185,Grass Rivulet
1983967,Grasklokjesdwergspanner
1965841,NA
6097233,Belted Beauty
5109722,Skogsalathettefly
8329732,NA
4476435,NA
9198953,Strawberry Harp Ground Beetle
5755302,Noordelijke Tandklauw
4988363,Roodpotige Breedhalsloopkever
5757207,Snelle Schorsloopkever
2109189,Furuvoksvinge
5109665,Cucullie De La Fausse-Phlomide (La)
4533661,Brunt Kilefly
5111574,Shoulder-Striped Wainscot
1958323,Swallow-Tailed Moth
4524421,Dusky Thorn
1966886,Dennenbandspanner
1975903,Oak Beauty
1956524,Pretty Chalk Carpet
1880139,Streepjesgrasmot
1876329,Thistle Ermine
4491331,NA
1435909,Jokisarvekas
1795068,Zuidelijke Koperuil
1784824,Powdered Rustic
1961068,Small Brindled Beauty
6269529,Grote Zwarte Smalboktor
5755006,NA
2108812,Ringvoksvinge
1985760,NA
8054788,Bonte Pronkboktor
4474861,Bombarderbagge
1833627,NA
2104580,Chrysope Italienne
5054151,NA
5149665,Gestippelde Oogspanner
1790084,Dunkelgraue Herbsteule
1983997,Cloaked Pug
7767765,NA
1798346,Olive Crescent
8366158,Acidalie Rustique Du Midi (L')
4531402,Double-Striped Tabby
1941417,NA
1800032,Schijn-Nonvlinder
4470961,NA
5756799,NA
4475074,Kalkgroefkop
1746832,Large Fruit-Tree Tortrix
1747050,Voorjaarsbladroller
1537559,NA
1436064,Maltosarvekas
1441861,NA
10904813,Vroege Eikenuil
5144534,Large Emerald
7624494,NA
4458838,Bokblombock
4470535,Carabe Noduleux
8411250,Kleine Leempriemkever
4472911,NA
4459519,Calleux Arlequin
7596481,NA
4403053,Durmitor Plump Bush-Cricket
8111934,Clyte Rustique
4476983,NA
7571549,NA
1441819,NA
1782726,Alder Moth
4533444,Barred Chestnut
1795896,Abromiade Brune (L')
5143477,Dotted Carpet
1982525,Shaded Pug
4532260,Polygramme (La)
4473799,NA
8378220,Grote Duinkruiper
5755327,NA
4534225,NA
1787751,Olivbrunt Nejlikfly
4534297,NA
1957300,Essex Emerald
1789730,Lesser Yellow Underwing
5998041,NA
4473882,NA
7446960,NA
4473093,Breedhalsglimmer
4472849,Kameelloopkever
4473948,NA
1764673,Zuidelijke Kamperfoelie-Uil
1797333,Oak Yellow Underwing
1961013,NA
5148394,Witte Sparspanner
5144677,Sub-Angled Wave
5119143,Plumed Prominent
8130128,NA
5152867,Composietenblindwants
4488872,Braune Kapuzinerwanze
4532206,Small Marbled
1798504,Passenger
1963446,Red-Green Carpet
1760891,Black Rustic
5146601,Acidalie Des Balkans (L')
1951725,NA
8336322,NA
2008205,Gewone Grootrug
4534217,NA
1965640,Speckled Beauty
9012567,Blaubock
1115830,Kustbarkbock
4473994,NA
4534686,Marbled Clover
2104131,Gele Gaasvlieg
2106036,Zandgaasvlieg
8416949,NA
4532239,Beautiful Marbled
1969291,Isorengasmittari
4302268,White-Banded Carpet
1987744,Small White Wave
5146599,Acidalie Rousse (L')
4533446,Small Square-Spot
8396839,Glanzende Glimmer
2109140,Kystvoksvinge
1762952,NA
5109480,Grenkungsljuskapuschongfly
1769958,Great Brocade
1965243,Kalkalpen-Felsenspanner
5149667,Ephyre Blond-Roux (L')
4474922,Kleine Bombardeerkever
4481210,Rivierdriestaart
1828637,Ghost Moth
1766130,Blanksvart Buskfly
8966182,Brun Blomsterbuk
1875958,Maitokukkakoisa
1856289,Anthrazitmotte
1540742,Terrasjes-Kommazweefvlieg
4487687,Fine Streaked Bugkin
1967003,NA
2100386,NA
1554694,Allium Leafminer
1740120,Rhomboid Tortrix
1782948,Grey Dagger
4525476,Bloesempedaalmot
1541799,Witte Reus
2105962,Gewone Gaasvlieg
1688020,Punktierte Zartschrecke
4487565,NA
5035857,Yellow Meadow Ant
5742512,NA
1822830,Scarce Chocolate-Tip
5147232,Treble Brown Spot
1804071,Ruby Tiger
4516745,Kleine Langlijf
1891386,Flammigt Senapsmott
4534252,Lorimer's Rustic
2107451,NA
1626319,Bijvoetboorvlieg
8223165,European Corn Borer
4531517,Sandnebbmott
4534779,Licht Visstaartje
1583544,Grote Dansvlieg
8858121,Small Magpie
5149768,Mocha
1769566,Dun-Bar
4531975,Knoppurtengmott
2018539,Bindenblutzikade
8704131,NA
4486289,Praalridderwants
1495562,Arveboaru
1764987,Grauwe Stofuil
5733455,NA
4486194,NA
1535990,Grote Fopwesp
4486376,Composietennysius
2020846,Tyrninokkalude
4486291,NA
5978844,Igelfliege
1738429,Rutig Korgblomvecklare
2050012,Slanksprietrandwants
4532061,Botys Du Rhododendron
1839770,NA
1583568,Gewone Eenstreepdansvlieg
5104891,White-Triangle Slender
4487324,Aitoahdelude
5115874,Garden Tiger
1880907,Ancylolome Commun
4428407,Purperen Kniptor
6097214,Muslin Moth
4449160,Black-Banded Soft-Winged Flower Beetle
4485973,Skogbreitege
4486192,Dwerggraafwants
4488865,Tijmnetwants
1871683,NA
1890576,Grobladengmott
2020772,Malurtnettege
4486954,Kortvleugelige Roofwants
2050239,Skograndtege
8179641,Erakkosuomulude
5152456,Waterschorpioen
4485800,Beemdkroonschildwants
1824113,Eikenprocessierups
1785895,Cryptic Burnished Brass
8929628,Wiesenkleezirpe
5051273,Common Blue Damselfly
4449375,Malachite Beetle
4391852,Storrandtege
1497483,Beek-Goudoogdaas
2068870,Citrus Flatid Planthopper
1523500,NA
1796217,Suspected
2020590,Ohren-Netzwanze
2008269,Smalmeldetege
2011487,Geel-Zwarte Walstrowants
1671676,Hottentottenvilla
3083838,Fat-Hen
8203051,Bitter Beech Bolete
3094900,Cotton Thistle
3034742,Queen Anne's Lace
12171609,Cardigassa Vera
5549548,Balkanforsythia
2168338,Schorsmarpissa
5035850,Glanzende Houtmier
2139113,Waldlangfinger
2441176,American Bison
1698816,Pferdeschrecke
8351737,English Ivy
2787993,Klubbsporre
3127955,Federige Flockenblume
8250742,Ruff
1835031,NA
2498034,Swan Goose
1669519,Duinrouwzwever
3034426,Feld-Mannstreu
5732924,Golden Egg Bug
5284809,Austrian Pine
3120284,Fern-Leaf Yarrow
8032257,Hairy Bracket
3314876,Common Stinkhorn
1013486,Julo Vario
2526548,Pale Oyster
2480389,Griffon Vulture
2020671,Oak Lace Bug
3045931,Tannrot
4388497,Valse Zuringrandwants
1335942,Black Mud Bee
1340298,White-Tailed Bumblebee
1813114,Rosy Footman
2480801,Eurasian Spoonbill
2928390,Field Bindweed
2890212,Kleiner Storchschnabel
1541116,Kegelbijvlieg
7100278,Acero Alpino
2480830,Cattle Egret
1771214,Heart and Dart
1043097,2-Spot Ladybird
7331741,Acker-Wachtelweizen
5376961,Hoary Cress
2157278,Falsche Schwarze Witwe
2975287,Fuglevikke
3002530,Essig-Rose
1576923,Prachtwapenvlieg
2159061,Driestreepspin
2927298,Aufrechter Ziest
7952072,European Hare
9150405,Black Nightshade
5334217,Common Fumitory
7416939,Klebrige Pfingstrose
3189486,Prikkperikum
5663962,Wald-Veilchen
3053522,Hoary Alison
9056358,NA
3054368,English Walnut
5219858,Muskrat
2549570,Sydlig Platt-Ticka
2773448,Garden Star-of-Bethlehem
4139238,Flentimotej
1340305,Early Bumble Bee
5617600,Blasse Stockrose
2651113,Holly Fern
6443709,Salsifis Douteux
5373324,Honesty
5107644,Kleine Sint-Jansvlinder
8211958,Wood-Sorrel
10375240,Sne-Kruslav
2985949,Joubarbe Des Toits
2926684,Spotted Dead-Nettle
7888147,Deceiving Bolete
2161872,Green Spider
2440958,Red Deer
5781358,Marsh Slug
3033833,Doubtful Knight's-Spur
5356623,Flat Pea
5341443,Bakketimian
2431888,Macedonian Crested Newt
3190522,Fustet
3022789,Mahaleb Cherry
2876213,Svartor
3064669,Myrtle Spurge
2881283,Flaum-Eiche
5414222,Kristtorn
9063248,Gulmaure
3012167,Rogn
3006974,Alpine Rose
2927079,Blue Bugle
3107361,Fuchs' Greiskraut
2770228,Kantkonvall
7306931,Alpen-Ziest
3171948,Orange Mullein
2928751,Jimsonweed
3048782,Wendich
5415039,Common Lilac
7150059,Rosmarin-Seidelbast
5240269,Caesar's Amanita
2752224,Meleagride Di Messina
2773902,Astlose Graslilie
5281803,Gezoomd Muisjesmos
5218887,Beech Marten
6365090,Balkanramonda
2295438,Great Grey Slug
2537689,Whitelaced Shank
3066179,Steppen-Wolfsmilch
2172103,Kochs Blinker
3066367,Sun Spurge
1183723,Brudtistelsvivel
2889777,Bastard Toadflax
8289647,NA
2888464,Saat-Mohn
3138230,Downy Safflower
5375555,Erucastro Comune
3940423,Poppelrose
5338920,Gaillet Croisette
7844167,Bladder-Senna
7639623,Perfoliate Pennycress
5341201,Buglosse Officinale
5579175,Linaiola Pirenaica
5578472,Gemeine Kugelblume
3149958,Crupine Du Midi
3040252,Wild Mignonette
5331342,Dwarf Pansy
7294722,Kleine Wachsblume
2873878,Blue Flax
2772145,Dark Grape-Hyacinth
2432614,Lesser Horseshoe Bat
8993502,Italian Catchfly
2988069,Dropwort
2160943,Brede Wielwebspin
2988624,Aremonie
2925901,Corn Gromwell
7295486,/
5339050,Field Madder
2965527,Spotted Medick
1319630,NA
7749287,Hvitpestrot
2926679,Henbit Dead-Nettle
7308131,Lamier Bifide
4103545,NA
2926612,Oregano
3149965,Common Crupina
2473663,Hazel Grouse
5374933,Gotlandstrav
3638282,Lappola Bianca
5377778,Golden-Tuft Alyssum
2974753,Gelbe Wicke
5342618,Esparsetten-Tragant
8086756,Bulbous Bluegrass
2927065,Silver Sage
3142967,Doronic Du Caucase
7331288,Fumana Comune
5358774,Small White Clover
2972595,Sainfoin
2926065,Tuberous Comfrey
3040251,Weld
5359067,Hungarian Clover
5439925,Dunkles Lungenkraut
7703116,Field Pepperwort
3172099,Large Speedwell
2965354,Luzerne en Faux
3715041,NA
1983387,Pinion-Spotted Pug
5347846,Ert
3112741,Armleuchter-Kratzdistel
11071158,Greater Stitchwort
5420853,Spurge-Laurel
1963709,Dreipunkt-Ulmenspanner
5356363,Brown Vetchling
3034922,Fennel
9182154,Fodder Vetch
1799135,Clouded Drab
5371808,Kvann
3033108,Green Hellebore
7295564,Onosma Du Valais
5356649,Ranken-Platterbse
2888615,Wolliger Schneeball
7870683,Aethionema Des Rochers
1421964,Azure Damselfly
8397184,NA
5354530,Behaarter Zwergginster
2972572,NA
2975014,Common Vetch
4460356,Bloody-Nosed Beetle
2784401,Kugelorchis
1875511,NA
5285385,Mugo Pine
3169708,Greater Periwinkle
3085368,Klinte
5331181,Sweet Violet
8903918,Prostrate Speedwell
5352367,Kidney Vetch
5359209,Sulphur Clover
7786853,Mittelgebirgs-Brombeere
5218911,European Polecat
8246651,Large Pheasant's-Eye
5341305,Bunter Hohlzahn
7127308,Greek Cyclamen
5359378,Crimson Clover
5367294,Sulphur Cinquefoil
2492608,Semicollared Flycatcher
3172049,Common Speedwell
5341198,Garden Anchusa
5359429,Suckling Clover
3117449,Eastern Daisy Fleabane
2768817,Asparago Selvatico
5359175,Reversed Clover
7332320,Thistle Broomrape
5330661,Italian Lords-and-Ladies
5361982,Orpin D'espagne
8388117,Gulfiol
1086708,Langbeiniger Pillendreher
3128910,Croatian Star-Thistle
5289756,Alpiste Roseau
3082263,Kornelkirsche
8049400,Broadleaf Glandweed
3191374,Common Milkwort
4058494,NA
5341204,Pulmonaire Officinale
7309317,NA
5298126,Siberian Iris
3171945,Dark Mullein
5298019,Purple Iris
3045497,NA
5218878,European Pine Marten
6409622,Backtimjan
5386929,Barba Capruna
5285247,Bosnian Pine
2169430,Kanarenspringer
9485490,Common Stork's-Bill
2927028,Steppesalvie
2795869,Narrow-Leaved Helleborine
11046546,NA
7879157,NA
2972841,Sand-Esparsette
5218524,Noctule
2650165,Botryche Lunaire
5281229,Common Cord-Moss
5356701,Meadow Vetchling
9809682,Cap Inc Penfoel
1878895,Gul Nebbmott
2553607,Witches' Butter
3048494,NA
2883073,Alpenrose
5241784,Scaly Knight
5674318,Chrysopogon Grillon
2426760,Agile Frog
1340342,Shrill Carder Bee
2078852,Southern Green Stink Bug
7255034,Salomonszegelbladstipje
2769204,Schopfige Traubenhyazinthe
5301162,Curled Pondweed
1746440,Yellow Oak Button
5029978,Citronsnyltehveps
4457483,Svart Majbagge
5415455,Bear's Breech
3171943,Moth Mullein
2810078,Blasses Knabenkraut
5104442,Green Oak Tortrix
4437467,Lille Jagtrovbille
3883959,Annual Clary
2724661,Behaarte Segge
4286942,Goldfish
4409628,Gudgeon
3113414,Creeping Thistle
5778354,Gemeine Sumpfschnecke
1424067,Tengere Pantserjuffer
4416993,Mitriku i Liqenit
5384604,Common Chickweed
5289423,Broadleaf Cattail
2925529,Jernurt
2742119,Veratro Comune
3172086,Water Speedwell
11157306,NA
3033483,Hairy Buttercup
3033339,Creeping Buttercup
5372647,Bay Willow
3053376,Wilde Sumpfkresse
3133512,Autumn Hawkbit
2888806,Gelbe Skabiose
2932737,Climbing Nightshade
3047598,Acker-Senf
3172043,Yellow-Rattle
3042658,Black Mustard
6390806,European Bistort
2928441,Hedge Bindweed
2704179,Annual Bluegrass
2706435,Creeping Bent
2706541,Black Bent
9014945,Timotei
8208358,Ribwort Plantain
5290149,Common Reed
2706164,Wolliges Honiggras
10010617,British Elecampane
2706241,Perennial Ryegrass
2700828,Field Woodrush
7515045,Narrow-Leaved Bird's-Foot-Trefoil
2927208,Water Mint
2705308,Cocksfoot
8059811,Tufted Hairgrass
3064056,Euphorbe Des Marais
9094061,Lesser Celandine
2913130,Sumpf-Labkraut
2913548,Gaillet Gratteron
2427573,Common Tree Frog
1309640,Oak Apple Gall Causer
1860979,Gebandeerde Langsprietmot
2747563,NA
5243258,Common Puffball
2931104,Jerusalem Cherry
5242798,Weeping Widow
3345400,Parrot Wax-Cap
2927026,Sauge Glutineuse
7931731,European Plum
2437756,Gelbhalsmaus
2439270,Black Rat
2435767,Eurasian Water Shrew
7825895,Mediterranean Water Shrew
2435687,Lesser White-Toothed Shrew
4265185,Eurasian Water Vole
2438660,Common Pine Vole
5706764,Bank Vole
2437773,Eastern Broad-Toothed Field Mouse
2438502,Balkan Snow Vole
8316400,Common Shrew
4264696,Lesser Blind Mole Rat
7429082,House Mouse
2437760,Wood Mouse
2438606,Common Vole
8347063,Blind Mole
2437761,Striped Field Mouse
5219624,Southern White-Breasted Hedgehog
2439658,Hazel Dormouse
9154166,Tiger Sawgill
4259350,Silver Lime
5369806,Berg-Nelkenwurz
4487592,NA
2492606,European Pied Flycatcher
1840297,Gewone Kaartmot
1850081,NA
9636348,NA
1878879,Blauwooggrasmot
11627530,NA
1858778,Tweevlekvedermot
1354699,Ridge-Cheeked Furrow Bee
8288456,Grote Zaagpootspinnendoder
1743768,Thyme Marble
1848847,Driedistelpalpmot
1738514,Beemdkroonsmalsnuitje
1743643,Primulabladroller
4531284,Heather Knot-Horn
1849966,Thyme Moth
1875918,Ermine Knot-Horn
1850998,Bruine Witkoppalpmot
5295911,Firblad
5168969,Spitting Spider
8120403,Snake-Eyed Skink
1732685,Espenblad
2477804,Eurasian Three-Toed Woodpecker
5527447,NA
4427398,Hietaihrakuoriainen
8961343,Long-Horned Beetle
2351557,Visovac's Trout
2481120,White-Winged Tern
2493124,Moustached Warbler
2481792,Eurasian Curlew
4408796,Eurasian Crag Martin
2490956,Rufous-Tailed Rock Thrush
2498343,Mute Swan
2498112,Northern Pintail
2492371,White-Winged Snowfinch
2490781,Redwing
2481759,Dunlin
2855356,Snowdrop
2685484,Silver Fir
7912981,NA
5334208,Bird-in-a-Bush
1532761,NA
8215487,Brown Trout
2441110,Red Sheep
4409653,Elritze
5357013,Tiriltunge
5332305,Charme Houblon
1013451,Kotor Pachyiulus
2154595,Buzzing Spider
2531012,Beefsteak Fungus
2226998,Noble Crayfish
4488004,Ruusulude
5748264,Bee-Eating Beetle
3317061,Frynseflekkskivesopp
2526754,Belteflekkskivesopp
9127230,Yellow Fieldcap
3345381,Neidonvahakas
2891770,Himalayan Balsam
3189863,Field Maple
2772094,Compact Grape-Hyacinth
9458333,Mouse-Ear Hawkweed
3139040,Mauerlattich
10932974,Purper Geweimos
5360805,Dinarischer Spitzkiel
9023462,Perennial Cornflower
1537719,Witte Halvemaanzweefvlieg
2594756,Vinegar Cup
1423317,Scarce Blue-Tailed Damselfly
1425221,Venglazenmaker
2608994,Haar-Mosse
2481685,Black-Tailed Godwit
2480757,Collared Pratincole
9367409,Common Tern
2481748,Sanderling
2481741,Curlew Sandpiper
2481749,Little Stint
2498180,Red-Crested Pochard
5254672,Beech Woodwart
7719797,Peppery Milkcap
1063891,Junikever
4428360,Isopunakuoriainen
5384754,Moss Campion
1340301,Large Red-Tailed Humble-Bee
3170823,Foxglove-Tree
2975257,Vesce Hybride
3044855,Kelch-Steinkraut
8848598,Oxeye Daisy
5112345,Ruituil
5772199,Brown-Line Bright-Eye
5959617,Smooth Snake
4429602,NA
7439391,Dverggylden
2927282,Wald-Ziest
5420901,Pomegranate
5791800,Red-Veined Darter
2927230,Lamb's-Ear
3905578,Balkan Betony
3152560,Bladder Ketmia
5114198,Nut-Tree Tussock
2433875,Eurasian Badger
9237842,NA
4560336,NA
4560406,NA
2172720,Heidespringspin
5361991,Tasteless Stonecrop
5035204,Tjuvmyra
1172407,Oak Leaf-Roller
12207266,NA
3189172,Great Willowherb
11572915,NA
11559079,NA
11413853,NA
11150816,NA
11729187,NA
5170994,Wasp Spider
5362038,Orpin Annuel
4564494,Bosloofslak
4557146,NA
4525034,Inconspicuous Thornyvalve
7768870,Schwarze Heckenkirsche
4410062,Vlagborstelworm
4411022,Zuidelijke Beekkruiper
2308512,Aquatic Oligochaete Worm
4307847,Rivierslingerworm
4410041,Plasknobbelworm
5193980,Rapulainen
8227474,Pijawczak
5193981,NA
8429814,NA
4289021,NA
7832071,NA
5739602,NA
2520410,Rusty Porecrust
5465199,"Birch Mazegill, Gilled Polypore"
3431195,Orange Lichen
7551162,Sowbane
9413415,NA
5391480,Pot Marigold
5410564,Wiesen-Glockenblume
2469363,Algiroide Magnifico
5372513,White Willow
5359060,Large Trefoil
2360041,Albanian Roach
2008972,Groene Prachtblindwants
8971274,Bete
4102733,Behaarte Karde
7331633,Wald-Wachtelweizen
5392950,Blaue Kugeldistel
3190538,Staghorn Sumac
6369729,Alpen-Heckenkirsche
3103791,Disc Mayweed
7821030,Prostrate Knotweed
5362215,Quince
2926884,Winter Savory
3152614,Velvetleaf
3152583,Syrian Ketmia
7533148,Duits Viltkruid
3109086,Narrow-Leaved Ragwort
7309059,Kahle Katzenminze
2927245,Sumpf-Ziest
8002952,Annual Ragweed
2888723,Red-Berried Elder
3105813,Laiteron Des Champs
7855120,Gelber Zahntrost
8537667,Skeleton Weed
2810284,Frog Orchid
8058554,Grassette Cristalline
2100826,NA
3189843,Tatarian Maple
7818643,Apricot
3140490,Prickly Lettuce
3021496,Cherry Laurel
5531229,Mittlerer Lerchensporn
2926557,Ground Ivy
3034871,Coriander
2873991,Birthwort
7262958,Montpellier Maple
2875979,Hassel
5341501,Balm
3033896,Japanese Barberry
3002333,Burnet Rose
5341387,Isop
5362136,Buck's-Beard
2928835,Bukketorn
3151558,New York Aster
3088488,African Marigold
3152520,Guimauve Officinale
2874497,Bryone Blanche
2927297,Deutscher Ziest
8373355,Armoise Annuelle
3169386,Lysimaque Commune
3039491,Nerprun Purgatif
5361803,Aufrechtes Glaskraut
5341478,European Bugleweed
3169340,Dotted Loosestrife
6444162,NA
3188736,Purple Loosestrife
5367273,Kriechendes Fingerkraut
3118254,Costmary
5415013,Russetorskemunn
2926086,Echter Steinsame
3041022,Horse-Radish
5341389,Motherwort
3022879,Dwarf Russian Almond
9151957,Alfalfa
3170817,Round-Leaved Fluellen
2685796,Douglasgran
3039423,Common Jujube
7278276,Nigelle Des Champs
5341296,Cut-Leaved Selfheal
7296469,Viola Con Sperone
2855968,Gekielter Lauch
2977149,Dornige Hauhechel
5372392,Grape-Vine
2792998,Bienen-Ragwurz
3140685,Edelweiss
5387396,Alpen-Aster
2730127,Common Cottongrass
3000679,Boke
4532095,Witte Kruidenmot
5275012,Einstape
7402375,Steinbrech-Leimkraut
5334259,Rote Heckenkirsche
5361889,White Mulberry
1940744,Large Red-Belted Clearwing
2755063,Black Bryony
1692644,Splendid Bush-Cricket
1713668,Common Cone-Headed Grasshopper
3033865,Mahonie
10832775,NA
4251208,NA
7891053,NA
1427915,Four-Spotted Chaser
5776654,Daddy Longleg
2702789,Quaking-Grass
3104179,Scentless Mayweed
5189806,Acute Bladder Snail
9385612,NA
2002881,Jokapaikankorri
2001864,Leuctra Lamellosa
9154161,Zieglerova Zaklopnica
4564871,NA
7310930,Serpentin-Streifenfarn
2001499,NA
2003269,NA
2001487,NA
2003833,Gelbe Steinfliege
2003996,NA
2001876,Leuctre De Rosine
2004019,NA
5152227,Gerandete Steinfliege
2001985,Purohoikkakorri
9120693,NA
4564318,NA
9117257,NA
5152421,Drukke Zwartvlekkameel
2076028,Perenbloedluis
5331916,European White Birch
3052680,Field Pennycress
3089561,Cornflower
3171952,Praktkongslys
4110999,NA
3927846,Lodnesoleie
2892347,Villkrapp
3034620,Goutweed
3064592,NA
1707910,Le Criquet Marocain
4232556,NA
2860425,Summer Snowflake
2158806,Buskpuckelspindel
8435025,Wilde Karde
2889828,Mistel
2498326,Common Goldeneye
2480524,Rough-Legged Buzzard
2498285,Smew
2480332,European Golden Plover
4562736,Transsilvanische Kristallschnecke
4568626,NA
11045520,NA
2927189,Pennyroyal
2975188,Fine-Leaved Vetch
4566417,Lesser Bulin
9317615,Eastern Subalpine Warbler
4456507,Brodbille
3128547,Wiesen-Flockenblume
1739931,Groene Boogbladroller
8788023,NA
7487859,NA
11170376,NA
3135419,NA
3136632,NA
2724590,Carice Nera
3098912,Cosmos
5406789,Hollyhock
4452240,18-Spot Ladybird
2926688,Crapaudine Des Montagnes
2986184,Groseillier Des Alpes
3085422,Sandnejlika
2480685,Booted Eagle
5962668,Kleni
4519004,Tunturihattara
5559156,NA
2772885,Piramidevogelmelk
6159197,Balkan Emerald Lizard
5334240,Japanese Honeysuckle
9566659,Common Ringed Plover
2498026,Lesser White-Fronted Goose
7691980,NA
4466974,NA
4476262,NA
1219317,NA
4466603,NA
8045120,NA
5016879,NA
4468312,NA
9025995,NA
4467648,NA
4467289,NA
4467180,NA
4467609,NA
4467125,NA
4467652,NA
4466891,NA
7816165,NA
4466591,NA
4466895,NA
4467188,NA
1195012,NA
4467628,NA
4467620,NA
4467170,NA
4468298,NA
4467192,NA
4467096,NA
4466804,NA
4475920,NA
10605159,NA
4466605,NA
4467079,NA
8038710,NA
6439532,Barrelierov Paprotivak
3091672,NA
3029553,NA
4121896,NA
5359247,Wettstein's Clover
3118214,NA
7498158,Felsen-Baldrian
4068119,NA
2754947,Balkan Yam
3135312,NA
4104113,NA
5367228,NA
4118661,NA
5528839,NA
4123271,Hallers Schwingel
3737570,NA
8520125,NA
3114540,NA
9779305,NA
3136683,NA
11141721,NA
5053150,NA
4560573,NA
4406313,NA
4560426,NA
4570671,NA
4568906,NA
9032776,Albanska Grebenka
7880264,NA
4560901,NA
8879417,NA
1020777,NA
1020288,NA
2362868,Topmouth Gudgeon
2360305,Spirlin
5280562,Wall Screw-Moss
7570998,NA
5270848,Delicate Stonewort
5301175,Potamot Des Alpes
9081989,NA
4137228,Fienarola Del Moncenisio
2703766,Brome Rameux
5345014,Alpen-Tragant
7267549,Garofano Di Bosco
7672383,NA
3048411,Spitzer Goldlack
4127628,Bosanska Bilnica
3120117,Bittere Schafgarbe
2913030,NA
3172057,Thyme-Leaved Speedwell
7270230,Chiltern Gentian
5372484,Sumpf-Wasserstern
3725022,NA
2432655,Greater Horseshoe Bat
2490614,Black Lark
2308543,Aquatic Oligochaete Worm
2308444,Aquatic Oligochaete Worm
4410065,NA
4410999,NA
4411007,NA
5361865,Lundalm
3050464,NA
2928226,Phacelia
5372457,Christ's-Thorn
2925815,Hundetunge
5285637,Furu
5248532,Coral Tooth
2928446,Wald-Zaunwinde
4553408,Tornet Mejer
1048809,Lily Beetle
5123922,Lime Hawk-Moth
2891773,Balsam
2888763,Common Valerian
3085370,Dreinervige Nabelmiere
2650716,Green Spleenwort
3090783,Lattuga Montana
2890122,Hedgerow Crane's-Bill
1594607,Beukengalmug
3042086,Tower Cress
1596560,Beukenhaargalmug
2701599,Round-Fruited Rush
8044896,Lungrot
3046187,Spring-Schaumkraut
4995700,Neushoornkever
5384795,Red Campion
4567609,Ash-Black Slug
4393034,Smyrna Earwig
2873865,Fairy Flax
2160151,Dicke Kreuzspinne
5231209,Spanish Sparrow
5290052,Maize
2840590,Brunkulla
5414457,European Centaury
2914642,Myske
7931979,Mehl-Primel
2927007,Wiesen-Salbei
2888808,Knautie Des Champs
2975667,Goat's-Rue
3067353,Mediterranean Spurge
6993801,NA
6993854,NA
9995500,NA
10992365,NA
4436280,NA
11149719,NA
8730709,NA
10557273,NA
4440987,NA
4428647,NA
4445318,NA
5022498,NA
8969154,NA
4467299,NA
9881663,NA
11179001,NA
10364395,NA
10657533,NA
4442999,NA
4460410,NA
11131227,NA
10606174,NA
10610418,NA
4467123,NA
8253453,NA
1421095,Four-Lined Silverfish
1095895,Varied Carpet Beetle
6952478,NA
4460782,Kiertokilpikuoriainen
5744968,Grijshaarkever
1213277,NA
1085188,Bee Beetle
2864467,Flowering Rush
5858882,Bush Snail
1433826,NA
4496895,Cherry Gall
5243575,Common Bird's Nest
8956209,Dead Man's Fingers
2601139,Horizontal Pelt Lichen
3028645,NA
4459737,Aspglansbagge
5298946,Dansk Iris
5384805,White Campion
5410226,Scheuchzers Glockenblume
8140485,Perch
1423018,Grote Roodoogjuffer
1046592,Spansk Fluga
2481236,Caspian Tern
2781074,Orange Day-Lily
2537250,Fairy Ring Champignon
5300245,Yellow Star-of-Bethlehem
3027611,NA
4436921,Piikkimantukuntikas
5022592,Brown Leaf Weevil
1048335,Knotweed Leaf Beetle
8961574,Panteramaniet
8952395,Fjelltimotei
2681972,Cypress-Leaved Plait-Moss
1541819,Gele Reus
8958269,NA
9221525,NA
8154323,Ambretta Alpina
3054036,NA
5780449,Carthusian Snail
5231235,Black-Eared Wheatear
8605056,Wall Hawkweed
2018510,Bloedcicade
1892242,Botys Rubigineux
3032833,Trefingersildre
7589548,Sassifragia Di Dalechamp
2474621,Spotted Crake
5739290,Red-Necked Phalarope
2481784,Whimbrel
9118025,Bitter Oysterling
10789004,Bitter Wart Lichen
9129313,Scaly Sawgill
3044912,Berg-Steinkraut
9819973,Birch Polypore
2739622,Herbst-Zeitlose
2526530,Orellana
4559631,Duck Mussel
2605261,Eikenmos
5354580,NA
5354691,NA
2891779,Balsamine Des Bois
5255555,NA
1428217,Bloedrode Heidelibel
2481263,Gull-Billed Tern
7458249,NA
2234827,Langtornet Dafnie
5607777,NA
6026255,Echter Haarstrang
7419357,Rotjordlav
9995225,Blue Blister Lichen
2596450,Maksakilpinen
2596672,Waterkalkstippelkorst
10990852,Gewoon Purperschaaltje
7915891,Moss Shingle Lichen
3270215,Fjellsvovellav
7086670,Common Goldspeck
8639340,Shaly Jelly Lichen
4258666,Zerschlitzter Streifenfarn
2608594,Chewing Gum Lichen
7809675,Earth Lichen
3390611,Rosette Pixie-Cup Lichen
4911238,Loberad Kalkmosslav
2974863,Esparsetten-Wicke
10854732,NA
8593021,NA
9348291,NA
8659009,NA
8607697,NA
9145064,NA
9610532,NA
11130872,NA
8633927,NA
9677207,NA
9561981,NA
9529170,NA
2608002,Skorpknagglav
2590430,NA
7247033,Black Shields
10740594,Umber Dot Lichen
8325350,Berijpte Kroontjeskorst
2601135,Chocolate Chip Lichen
2600433,Map Lichen
2600423,Gewoon Landkaartmos
2608164,Hoderagg
3425740,Bruin Landkaartmos
2600450,Map Lichen
2600411,Gulvit Kartlav
2608099,Powdery Twig Lichen
2609038,Tufschotelkorst
2609075,Aske-Knaplav
2608167,Farinose Cartilage Lichen
12172101,NA
2601176,Klein Leermos
2600577,Gul Spricklav
2605894,Steenspijkerdrager
2605955,Salted Shield Lichen
2605342,Groot Boerenkoolmos
2601141,Ruffled Freckled Pelt Lichen
12239840,NA
2606438,Fine Rockwool Lichen
5490656,Dwarf Muellerella Lichen
2596656,Lichte Kalkstippelkorst
2603471,Boulder Lichen
2601343,Brown-Gray Moss-Shingle Lichen
7638024,Grey Starburst Lichen
2603450,Concentric Boulder Lichen
2605659,Old Hairy-Spined Loop
2605814,Green Starburst Lichen
5260392,Pear Tar-Spot Lichen
10897291,NA
2608913,Bleek Vingermos
11068273,Granietblauwkorst
2601162,Ruig Leermos
2603725,Alpine Camouflage Lichen
2605697,Karvaruskokarve
7778192,Mosealvelav
12180218,NA
10702266,NA
3392646,Fluffy Dust Lichen
2607131,Rock Disk Lichen
11059248,Kwartsschotelkorst
2603360,Lecidea Lichen
2603317,Geoorde Granietkorst
2606874,Rim Lichen
7248528,Geelgroene Schotelkorst
10705917,Lekanora
10711935,Al-Lav
11883915,NA
3401802,NA
3392669,Vouaux's Dust Lichen
10787630,NA
2606780,Witte Schotelkorst
2607186,NA
8094896,Donker Purperschaaltje
5261268,Gesepteerd Steenglimschoteltje
2606852,Golvende Schotelkorst
6609452,Dijkgranietkorst
7084587,Bolle Schotelkorst
2606511,Powder-Headed Tube Lichen
2606507,Grynet Kvistlav
2603490,Daggig Kalkblocklav
5259686,Dermatocarpe Intestin
2602102,Duindaalder
2602118,Crater Lichen
2607695,Grof Bekermos
7246697,Vals Rendiermos
8541101,Crumpled Rock Tarpaper Lichen
7251342,Gray-Rimmed Firedot Lichen
5260557,Flaking Tarpaper Lichen
2605272,Islandsk Mose
2607596,Girafje
7247412,Catinaria Lichen
2607718,Red-Fruited Pixie Cup
2607701,Kopjes-Bekermos
2599888,Fijne Geelkorst
2607697,Fijn Bekermos
12208583,NA
2606557,Bruin Paardehaarmos
2603775,Fjeld-Kvistlav
2599864,Rode Heikorst
2592726,Twijgvlekje
7250670,Chalky Sunken Disk Lichen
7250044,Brown Cobblestone Lichen
3548933,NA
5261442,Tiny Button Lichen
2600552,Gyttrad Kalkspricklav
2610237,Citrinellav
2604700,Donkerbruin Dijkschildmos
8190524,Pin-Cushion Sunburst Lichen
2609967,Elegant Orange Wall Lichen
7902131,Almindelig Vedskrift
3407931,Shingled Rock Shield
5259587,Funck's Wart Lichen
2605831,Geel Boerenkoolmos
5894834,NA
7577533,Cylindric Navel Lichen
9088054,Buttoned Rock Tripe Lichen
5260486,Hunebed-Navelmos
2606024,Pulverstry
5260539,Kullrig Navellav
2606030,Bleek Baardmos
5261360,Alpine Foam Lichen
2608505,Alvar-Placodlav
2623524,NA
2599681,False Map Lichen
2608090,Cartilage Lichen
2607230,Staketflamlav
2600467,Oever-Landkaartmos
3425456,Donker Landkaartmos
12172794,NA
2609126,Ege-Knaplav
5258306,NA
2600387,Fjellkartlav
2600475,NA
2600441,Brun Kartlav
3469339,NA
2602137,Barkporina
2605963,Netted Shield Lichen
2608920,Blue-Gray Rosette Lichen
2608939,Frosted Rosette Lichen
2601149,Soredieus Leermos
2609422,Fors Rijpmos
2608948,Powdery-Margined Cryptic Shade Lichen
2609428,Kalkdogglav
2600047,Kapjesspeldenkussentje
3413825,Common Coal Dust Lichen
2608941,Star Rosette Lichen
2592773,Kantlavsklotter
2600221,Gewone Tandpastakorst
3412481,Berijpte Tandpastakorst
7248995,Blood-Spot
3410705,Papilleus Schildmos
2605685,Abraded Camouflage Lichen
2605335,Klubbebrunlav
2609523,Parasitic Button Lichen
3392610,NA
10846193,NA
2606859,Eikenschotelkorst
2608485,Granietpoederkorst
10692676,Lecidella Lichen
2603347,Gewone Granietkorst
6607336,Fjellmellav
10689122,NA
2607182,Bark Disk Lichen
8132598,Asp-Lecania
2603229,Brown Earth-Crust Lichen
2606842,Furukantlav
8490273,Kuddskinnlav
7772359,Tunturiluppo
5261470,Gewone Cementkorst
5259681,Leather Lichen
6606867,Pigglav
2605262,Smal Islandslav
2610069,Koraalcitroenkorst
7956322,NA
9651322,NA
2607650,Fjellreinlav
10950385,Reindeer Lichen
8377047,Donkere Citroenkorst
2607197,Okersnaulav
7246716,Dove Heidelucifer
8188898,Mossorangelav
3397549,Tornesvartlav
7246653,Scarlet-Cup Lichen
2596883,Sirokilpinen
3439261,NA
3390089,Black-Footed Reindeer Lichen
12230584,NA
7247319,Bosknoopjeskorst
2603251,Blodkantlav
2609502,Common Button Lichen
2610300,Six-Celled Moss Dot Lichen
2609547,Steenstrontjesmos
2609499,Disc Lichen
2600497,Cracked Lichen
6755120,Blue-Gray Sunken-Disk
2362524,Schleie
2337607,Wels
5739539,Barbel
4286975,Karp
9809222,Brasme
2360283,Prespa Spirlin
2359471,Flire
2362486,Bighead Carp
2351630,Trota Marmorata
5209574,Kaulbarsch
2362925,Bleak
7807208,Groppe
2362473,Silver Carp
5203999,Harr
2357651,Ohrid Stone Loach
4409525,Freshwater Blenny
2368235,Ohrid Spined Loach
2366634,Giebel
5204019,Rainbow Trout
2359671,Plotica
2421317,Drin Brook Lamprey
2421304,Vladykov's Lamprey
2421402,Bachneunauge
5354617,NA
2705297,Wild Oat
5289783,Bukkekorn
5289796,Mediterranean Aegilops
2705300,Slender Oat
7883427,Einkorn
5350452,French Bean
2856681,Garlic
7403263,Garden Lettuce
2874508,Marrow
2986131,Troddel-Johannisbeere
2930137,Tomato
2874621,Watermelon
2706056,Barley
2705966,Rye
7795888,Bread Wheat
5289793,Aegilope-Alongado
3083647,Spinach
2705286,Animated Oat
2706406,Rivet Wheat
2706415,Timopheev's Wheat
2965438,Tifton Burclover
2965531,Luzerne Polymorphe
2965299,Luzerne Orbiculaire
8332019,Toradsbygg
2947311,Chick Pea
5356441,Winged Vetchling
2143910,Moeraszakspin
2133542,Nomisia Pumia
1543175,NA
1532963,NA
1544263,NA
1534770,NA
11788810,NA
1540308,NA
1540334,Trapeziumgitje
1540517,Kruiskruidgitje
10998833,Brunalant
5739298,Boreal Owl
5959092,Eurasian Eagle-Owl
2473577,Western Capercaillie
2480589,Northern Goshawk
2480850,Little Bittern
4409010,Matkop
2492950,Subalpine Warbler
2492526,African Stonechat
9717283,Red-Rumped Swallow
2490681,Greater Short-Toed Lark
2490613,Calandra Lark
2480491,Pallid Harrier
7334182,NA
2382155,Zander
9761275,NA
5206717,Mrena e Fanit
2362030,Grass Carp
2365778,Italian Chub
2362881,Moderlieschen
2382111,Streber
4409641,Dace
2382114,Zingel
5851603,Asp
2362635,Rudd
4409643,Ide
2359692,Cactus Roach
5206966,Macedonian Barbel
5207389,Aegean Minnow
2365719,Vardar Chub
5602605,NA
7618970,Velebitska Plahtica
3027530,NA
3028277,NA
2128482,"Grape Erineum Mite, Blister Mite"
7982160,Mew Gull
5358765,NA
5385658,NA
6128597,Parasitoid Wasp
3034552,Narrowleaf Thorow Wax
6027105,Sickle-Leaved Hare's-Ear
3127782,NA
1417963,NA
1418862,a Mammal Flea
1419061,NA
1419078,Spitzmausfloh
1419093,NA
1417941,NA
1419059,NA
1419070,NA
1416993,a Bank Vole/Wood Mouse Flea
1417676,NA
1417654,House Mouse Flea
1417259,Northern Rat Flea
1417656,NA
1419227,a Mammal Flea
5050864,NA
5050878,NA
1848714,Dark Groundling
5358935,Strawberry Clover
8193111,Ribbed Melilot
2971095,White Melilot
2874569,Cucumber
2882316,Beech
5362573,Pear
2993094,Himbeere
8232412,Spring Gentian
2985707,NA
8060333,Ail Joli
4454563,NA
1077829,Gouden Tor
2882833,Heidelbeere
1119288,Cerambice Funereo
9575859,Chaber Kotschyego
2007097,NA
1070887,Glattordivel
1194863,NA
5411475,Peach-Leaved Bellflower
4485906,Sierlijke Schildwants
1493794,Gelbe Getreidefliege
1215181,NA
7339396,Rundsildre
7437438,Greater Calamint
3811711,NA
4486216,NA
9172281,Bladder Campion
3168201,Filtrapunkel
2009435,Rode Halsbandwants
1176471,NA
7293238,Gelber Lein
5385604,Kattfot
5667851,NA
5056529,Tajgakulfluga
1031470,Brown-Banded Barklouse
3165756,Vedovella Della Basilicata
3045854,NA
8881840,NA
4488376,Bosandoorndikneus
6096723,Kogelwants
7266907,NA
2888292,Intermediate Wintergreen
7380533,Alhavasi Katica
10060880,NA
7339363,NA
2103147,NA
2795845,Cefalantera Rossa
8583922,Gemeiner Schmalbock
8073364,Airelle Des Marais
4452146,Seulapirkko
5347702,Ginestra Alata
1096909,Bloedrode Smalboktor
4987924,NA
8094697,NA
1310824,Stenpappersgeting
7815140,Krautiger Backenklee
4491475,NA
4487518,NA
5165705,Watergaasvlieg
4488403,Schwefelwanze
2079253,Nummilatuskalude
3171941,Verbasco a Candelabro
2480420,European Honey Buzzard
6159273,Smaragdeidechse
5868173,Bramble Sawfly
2426805,Common Frog
6161327,Dice Snake
5414992,Yellow Foxglove
4490468,Bergblattwespe
10480031,Gefleckter Schmalbock
3171697,Pedicolare a Foglie Verticillate
4553793,NA
5743122,Stag Beetle
8008282,Gentiane Ponctuee
4493788,NA
2650617,Schriftfarn
5775892,NA
2135387,Huletrollmattevever
2480934,Purple Heron
5141262,Osterluzeifalter
1867928,Great Peacock Moth
5298908,Giaggiolo Susinario
9568224,Grey Crane's-Bill
7569075,Alpbock
4470736,NA
2650625,Mauerraute
3753369,NA
2469065,Taurische Eidechse
7334270,Houseleek
5048805,Devil's Mare
2457224,Balkan-Springnatter
3129044,Fiordaliso Cicalino
1683815,Ringpootsprinkhaan
4468901,Langsprietpopulierensnuitkever
7459480,Lily-of-the-Valley
7270461,NA
1650482,NA
1650313,Loodgrijze Malariamug
1650857,Ljusstreckad Frossmygga
1650908,NA
5981170,Pappataci
1632375,NA
1648886,NA
7267113,NA
3808039,NA
5260693,Lungwort
8324121,Red Clover
5330639,Dansk Arum
7505521,Zebraschnecke
5371699,Liverleaf
4496950,Silber-Gallwespe
5275132,Cassa-Gaiske
5459251,Serbischer Kahlkopf
1651126,NA
2139092,Grote Schorscelspin
7315162,Witbloemige Klaproos
5131142,Common Glider
1677247,Gamaschen-Stelzenfliege
4107873,NA
7399841,NA
7331276,NA
7979812,NA
4067104,Dalmatinische Lotwurz
2700617,NA
8180842,Kvarnspira
5414326,Oxlip
5742390,Centopiedi Fasciato
1888484,Orange-Bar Grass-Veneer
5217160,Common Toad
2747703,Krokusi i Sharrit
2423435,Yellow-Bellied Toad
3046224,Quirl-Schaumkraut
2810155,Orchide a Foglie Larghe
3033289,Ballblom
2812375,Burnt Orchid
7308042,Praktplister
8231647,Adam Och Eva
2812392,Drietandige Orchis
5359499,Owl-Head Clover
4065790,NA
5358812,Zigzag Clover
7673702,Zbehovec Laxmannov
2368212,Danubian Spined Loach
2360759,Stone Gudgeon
2360504,Blauwneus
4490563,Ferruginous Sawfly
3105433,Silberdistel
7319269,Gelappter Schildfarn
8092145,NA
1894714,NA
1428595,Belorepi Hitri Konjic
1891326,Haagbeukmot
2808646,Kelebek Orkidesi
2792827,NA
4470612,NA
8293140,NA
9529916,Green Toad
7333169,NA
4470451,Lederloopkever
4565020,Vollsnegl
4564882,NA
2229670,NA
3120350,NA
5098489,Grote Bandsprinkhaan
4553016,Aranha-Joaninha
5752087,Regnfangens Hjelmbille
7270648,Borstgentiana
7958539,Guldspira
8366345,Jasione Des Montagnes
4460074,Geelgezoomd Goudhaantje
7331747,NA
6097896,Heidespiegelloopkever
4102952,Balkanraudknapp
2889841,Arceuthobe
7339313,NA
3170115,Gentiane Croisette
8314088,Rundaugen-Mohrenfalter
1720967,Boomkrekel
4488801,Keltasiimalude
5733449,Broad-Headed Bug
1703254,Rosevleugel
2079123,Bishop's Mitre
5152788,Gewone Mierwants
1890679,Silver-Barred Sable
1945569,Kalkgraslanddikkopje
1949784,Fransk Bredpande
1710802,Woodland Grasshopper
2040425,NA
8302684,NA
1055182,Guniak Rudziak
4486755,Paahdekangaslude
8666127,Mattsvart Hedpiga
2075790,NA
4710498,NA
1710920,Brommer
1708667,Snortikker
2013785,NA
10214421,NA
1077130,Pikkukultakuoriainen
1695283,Littoral Dark Bush-Cricket
9314786,Grote Kelderloopkever
4997515,Horned Dung Beetle
1920259,Sinappiperhonen
4487351,Schlichte Zierwanze
4457556,Carraleja Rugosa
4459766,Haavanruskokalvaja
4461554,Bruinrood Leliehaantje
6201790,Grisonne
1544168,NA
1543089,Urtefotblomsterflue
1713389,Klappersprinkhaan
1713317,Slanke Groenvleugel
5106115,NA
1708512,Steppe Grasshopper
1729811,Neglected Cave-Cricket
1710900,Wing-Buzzing Grasshopper
1704142,Kangassirkka
1681181,Kalkdoorntje
1848378,Vossenkopmot
2012888,European Pear Psylla
1708156,NA
1695297,Dark Bush-Cricket
1540325,Sysikeilanen
1708251,Ratelaar
1708601,Locomotiefje
2074930,Bunte Rainfarn-Blattlaus
1708459,Field Grasshopper
1703827,Cortippo Rumoroso
4535817,Scarce Fritillary
8201251,Billowing Burnet
1922311,Large Blue
7570500,NA
1710774,Bruin Schavertje
4535092,Bavius Blue
5054445,NA
1441388,Bruine Kiezelplakker
1443455,NA
4487146,NA
5772129,Akelei-Uil
7973517,Grauer Laubholz-Dickleibspanner
4524971,Steenoogspanner
5149499,Grey Mountain Moth
1533889,Mindre Parkblomfluga
1959460,NA
1983190,NA
4490143,Weidenknopfhornwespe
5053363,Gespikkeld Waterrennertje
4487506,Wulstkopf
5149780,Ephyre De L'erable
1941348,NA
8302139,Petite Mendiante
1816881,NA
1972374,NA
4458782,Fyrbandad Blombock
4472897,Rechte Glimmer
7567461,NA
4988354,Roodborst
6097856,Kruispronkloper
5747863,NA
1759407,Veelhoekaarduil
4534257,Zandstofuil
4532471,Gelbes Ordensband
1983535,Pwtyn Teim
5768179,Scarce Forester
9092175,Lunar Underwing
8996498,NA
4475210,NA
1438067,Suurpeaehmeslane
1455797,NA
5138298,NA
1819170,Trauerspinner
5147516,NA
1442566,Kleine Zomerslaper
1977962,NA
1879252,Botys De L'ortie
7701550,NA
1982878,NA
4471042,Kleine Zwarte Loopkever
5872156,Tenger Schorpriempje
1933793,Geranium Argus
1871783,Kalkweidegrasmot
1778517,Northern Rustic
1787859,Gewone Silene-Uil
4533125,Schwefel-Gelbeule
1987527,Grass Emerald
1982445,NA
5768149,Disteljuweeltje
2003270,Scarce Early Brown
4487373,Roodgetekende Prachtblindwants
1773504,NA
1787825,Magnol's Lychnis Moth
7755220,Rjavkasti Meglar
8711380,Breedkopkruiper
4988484,Grassnelloper
5998027,NA
8391987,Dwarsvlek-Wespenboktor
5872129,Sierlijke Priemkever
9027622,Korte Glimmer
5753697,Koperen Kielspriet
5755950,Tweekleurige Glansloper
5107219,Sint-Jansvlinder
1987558,Besenginster-Saumbindenspanner
2008130,Nokkoskirjolude
4989308,Forest Caterpillar Hunter
4470480,Grote Loopkever
1789403,NA
1775165,NA
1958526,Paahdemittari
1963710,NA
1967143,NA
1036216,Glanspriemkever
4472866,Ovale Glimmer
7975487,Groeftarszwartschild
4475181,Rotshalmklimmer
6097920,Pekzwarte Kruiper
7833009,Geelkopgaasvlieg
1982404,Astrinis Sprindytis
6097855,Blauwe Pronkloper
4479868,NA
1768819,NA
1786651,NA
1796423,Belkasta Lesarka
8864510,NA
5149569,Blaugrauer Gebirgs-Blattspanner
7654770,NA
1036899,Akkergraver
1035216,NA
1772442,NA
1766718,Schwarzbraune Alpen-Erdeule
1146023,Loofreuzenboktor
4475140,Gewone Halmklimmer
4475163,Gerande Halmklimmer
7883062,NA
4522753,Forester
7778368,Austleg Bloddropesvermar
1787064,Noctuelle Gris-De-Lin (La)
5872111,Kleine Maanvlekpriemkever
5756018,Bosstompkaak
1441821,NA
1771678,Gewone Gouduil
8016905,NA
1779399,Spectre (Le)
1441365,Klibuvana
1786816,NA
1981363,NA
5147492,NA
1766773,Rectangulaire
5820507,Stor Ekbock
4472884,Duinroodpootglimmer
5873223,Groene Kruiper
4532279,NA
1795282,Braungraue Flechteneule
5146862,Silky Wave
4485555,Stor Barkskinnbagge
4471125,Aranypettyes Futrinka
1035578,Breedhalsnebria
4472907,Platte Glimmer
6097908,NA
5873211,Roodtasterkruiper
4522890,NA
5068225,NA
4475213,Azuurblauwe Halmklimmer
1622583,European Cherry Fruit Fly
4525268,Bosrandspinner
1860763,Heilziest-Langhornfalter
2107724,Steirischer Fanghaft
2097902,Gevlekte Mierenleeuw
1195039,Liguster Kortsnuitkever
4518735,Graue Fleischfliege
1527645,House Fly
2020065,Koivulatikka
5744022,Tummasylkikuoriainen
1309605,Medusenhaupt-Gallwespe
12253343,Scarce Footman
1940701,Spulers Wespvlinder
4391858,Engrandtege
1853542,Berg-Heidezakdrager
4486152,Bastard-Toadflax Bug
5152523,Gewone Rookwants
5742495,Almindelig Skorpionflue
7906393,Isokorsilude
8522427,Toverboktor
4388686,NA
4459546,Kommawespenboktor
8380159,Gemeine Wiesenwanze
5152732,Kaunokkilude
8544630,Dennenboktor
1590799,Vroege Rouwvlieg
2036275,NA
5751086,NA
1707838,NA
4437391,Hairy Rove-Beetle
1342279,Kleine Holzbiene
4461887,NA
6097811,Getailleerde Boktor
7659055,Eichenwidderbock
2054367,Horned Delphacid
8548948,Loerende Boktor
9362333,Zwergsingzikade
4489399,Scheckenspornzikade
4487738,Donkerkoppige Varenblindwants
5093078,Kale Wolzwever
5099079,Common Digging Grasshopper
4432043,NA
1313104,Ethiop Carpenter Ant
2050173,Vepsetege
2052971,European Lantern Fly
4486751,Red Head Big-Eyed Bug
4452254,Grande Coccinelle Orange
4488767,NA
4460780,NA
1132845,NA
4458910,NA
4455032,NA
8200135,NA
7429212,Grijze Najaarsspanner
1535841,Fjellsteppeblomsterflue
1535774,Kyst-Maskesvirreflue
8170685,Rode Snuitvlieg
5158960,Aphid
1683067,Long-Winged Conehead
1540698,Alpemarkblomsterflue
4534669,Hrustavkina Ostrogarka
5096614,Large Conehead
1534700,Isosiplari
1710835,Le Criquet Des Grouettes
1710995,NA
1710755,Common Green Grasshopper
1684405,Oostelijke Dobbelsteensprinkhaan
4459731,Gevlekt Wilgenhaantje
1442618,Zwervende Schietmot
10106942,Raudonpetis Kerpvabalis
9249651,NA
4522748,Rumex Forester
1775112,Bibernell-Bergwieseneule
5754987,NA
4490366,NA
1441893,Gespikkeld Zwartstreepje
1795349,Prikrita Potuhnjenka
4532408,Kalkvikkefly
1971847,Auenparkland-Waldreben-Wellenspanner
4532775,NA
8744388,NA
4491701,Weidenrutenblattwespe
4532459,Primorska Trakarka
5757141,Kale Heidenachtloper
1961037,Jademittari
1043102,Ladybird Beetle
1442070,Vroege Hoogveenschietmot
1773011,NA
4488793,Nopsalude
1955896,NA
9216200,Rumena Sijajnica
1770308,Rjasta Zabrisanka
1959735,Zuringspanner
1884268,NA
8137203,NA
4479870,Zwarte Dwergloper
1796032,NA
4470851,Biegacz Scheidlera
1035239,Stuifzandglimmer
1741239,NA
4532297,Dark Tussock
1990582,Crocalle Brune
1442619,Sandstrutbyggare
1789359,NA
5144782,Middle Lace Border
5753725,Heidekielspriet
1441931,NA
1764986,NA
7811704,NA
4475157,Groene Halmklimmer
7922810,NA
1437978,NA
2005244,NA
8921158,NA
8043500,Ashworth's Rustic
2009122,Roodsprietsmallijf
1795914,NA
1037319,Gewone Boogkever
1441036,Gewone Stippelschietmot
1442627,NA
1797429,NA
4491149,Common Fern-Sawfly
1442831,Bladplakker
1435114,Pruunvana
5108839,NA
4532468,NA
1968837,NA
7974974,NA
2105923,Halmeharsokorento
1957611,Olive-Tree Beauty
7772030,NA
8259113,Farbloser Alpen-Blattspanner
1884333,NA
5125104,Herfstspinner
1151446,NA
1982533,Large Hellebore Pug
4421219,Bittaque Italien
5109554,NA
1798769,NA
1984070,NA
1967006,Besenginster-Rotbandspanner
4474919,NA
4470710,NA
6097854,Maanvlek
5755175,Aardloper
5755296,Zandtandklauw
1035290,Borstelspriet
4473320,Blauwscheen Oeverloopkever
1036203,Puntglanspriemkever
5755595,NA
5753720,Veelkleurige Kielspriet
7419401,NA
5755969,Halsrondbuik
1798407,NA
1967452,Trdoleskin Podkrilnik
7365652,NA
5146476,NA
8384488,Raggbock
6097929,Ullrichs Schallebijter
8091768,NA
2101384,Panther-Ameisenjungfer
1773062,Hellgraue Erdeule
1862701,Sphinx Chauve-Souris
1761392,NA
5872119,Gepuncteerde Priemkever
8878274,Bronskleurige Timmerhoutboktor
9364935,Tweevlekkige Breedkop-Loopkever
1441927,NA
1983302,NA
1759159,Birnbaumeule
8216511,Gefleckter Halsbock
5054428,NA
2105492,NA
1797454,Bleda Trakarka
5872124,Vlekpriemkever
4473127,Tandhalsglimmer
1732072,Alpen-Pappelglucke
2106092,Ketoharsokorento
4488825,NA
1964437,Mehlfarbener Raukenspanner
1036917,Gewone Roodkruin
4473974,Bronzen Heideloper
1842002,NA
5758789,Gras-Schildwanze
4512341,Javelin Wasp
2100670,Aitomuurahaiskorento
1803995,NA
2105812,Zuidelijke Gaasvlieg
5145729,Acidalie Virginale
5868175,Black Rose Fusehorn
1940807,Raspberry Clearwing
1540362,Vroeg Hoefbladgitje
5759067,Koiranputkiainen
1286739,Gelbe Schlupfwespe
1737368,Sandsnedbandsvecklare
1871212,NA
1840451,NA
1891190,Cifra Mozaikmoly
1871252,Kysthalmmott
1888619,NA
4487123,NA
2011081,Kruidenmantelwants
1992378,NA
4488821,Esdoornhalsbandwants
7859738,Grote Schouderboktor
4488689,Raidansuomulude
4388683,Leaf-Footed Bug
4486717,Silpalude
7510173,Horse Mint
3065239,Dunvortemelk
2687943,Riesen-Schachtelhalm
4458510,Gulvinget Solbille
5341297,Brunelle Commune
2474627,Little Crake
2856450,Ajo Junciero
9723190,Scarletina Bolete
2447858,Geco Di Kotschy
5530881,Hollowroot
8165018,NA
5394163,Dandelion
5298659,Iris De Reichenbach
6063730,Eastern Groundsel
3664083,Broad-Leaved Willowherb
3120060,Yarrow
5275044,Skogburkne
8108066,Maidenhair Spleenwort
8377689,Cowslip
5754880,NA
3726499,NA
2925767,Eliotropio Selvatico
2882580,Bearberry
2730210,Broad-Leaved Cottongrass
2650720,Olavsskjegg
4409131,Bever
9240761,NA
4063960,Blauer Steinsame
7277077,Ciemiernik Wonny
3169710,Herbaceous Periwinkle
5371711,Adonis Du Printemps
5359047,Berg-Klee
7886601,Federwidderchen
4485896,Koreakaalilude
3105419,Akantustistel
5274951,Sisselrot
7294644,Brown Nonea
5386897,Wiesen-Bocksbart
1119292,Morime Rugueux
1746174,Marmergolfbladroller
3922204,Monte Gargano Buttercup
2974901,Large Yellow Vetch
2767506,Alpine Squill
2927080,Ground-Pine
3171946,Wavyleaf Mullein
4454749,Gekorrelde Zwartlijf
4459810,Scarabeo Dagli Otto Punti
7295330,Buglosse Hybride
2727655,Laiche Du Printemps
3681277,Campanilla De Pobres
2891237,NA
5367683,Cinquefoglie Fragola Secca
7958783,Weiches Lungenkraut
8350369,Fragola Moscata
7734774,Glocken-Lein
2849427,Early-Purple Orchid
5373322,Perennial Honesty
2927235,Epiaire Annuelle
5354525,Citiso Supino
8870733,Narcissanemon
2927522,Espaguete
2857616,Round-Headed Leek
8144117,Borracina Verde-Scura
2426654,Pool Frog
3802515,Netznerviges Bilsenkraut
5386903,Guldhaverrot
3029817,Wild Strawberry
2772020,Grape-Hyacinth
3032585,Parnassia
8069406,Feinblaettriger Lein
7294763,Roter Natternkopf
3166644,Zungenblatt-Teufelskralle
2769256,Berghyacint
2808426,Loose-Flowered Orchid
9813725,NA
1861673,Borboleta-Esfinge-Do-Carvalho
4448467,Gropig Betbagge
4481148,Kromtangbruinoog
3612876,Deutsche Tamariske
7820611,Pale Persicaria
2439688,Forest Dormouse
2888513,Yellow Corydalis
1879539,NA
1746662,NA
1884377,NA
3025093,NA
7375236,Arce De Heldreich
1181377,NA
2554370,Ulljordstjerne
8874921,NA
3070494,Weidenblatt-Wolfsmilch
3067735,Urban Spurge
2520757,NA
4486909,Piraten-Raubwanze
3091677,Gold-Steppenaster
8149099,Gatemelde
6374790,Helbladig Klematis
2888811,Devil's-Bit Scabious
7265184,Vedovelle Celesti
5402943,Eupatoire Chanvrine
7322563,Garofanino Quadrelletto
5371818,Wald-Engelwurz
5371707,Adonide Estiva
3085884,Clammy Campion
3666422,Dodoens' Willowherb
1464567,Wantssluipvlieg
8123777,NA
2742050,Gul Nyserot
4428338,Rusokuoriainen
2003288,Vorstkevik
2002968,NA
2001802,NA
4566750,Feingerippte Haferkornschnecke
4568664,Thames Door Snail
2705290,Oat
2458374,European Ratsnake
7270598,Lungen-Enzian
12227581,NA
4050624,NA
5403386,NA
3120188,Zungen-Schafgarbe (De)
12254070,Dolgocvetna Perla
4119531,NA
7344732,Bunter Wiesenhafer
8348518,NA
2308361,NA
12225742,Herba Prima
5367987,Potentille Blanche
5359246,Hasen-Klee
9768924,Zweifarbige Raupenfliege
2986185,Stachelbeere
4429363,Pokalica
6097319,Botten-Knager
3885185,NA
5410857,Borstige Glockenblume
5107829,Bevernel-Sint-Jansvlinder
4460845,NA
5218405,Smooth Newt
2995209,Kratzbeere
7923692,Heilige Brombeere
4408498,Corn Crake
7638487,Gulskrubb
3091227,Strahlen-Scharte
2704218,Glaucous Bluegrass
10764042,False Sunken Disk Lichen
3543252,NA
7251423,NA
5261396,Witgerand Grondschubje
5298675,Dwarf Iris
2600375,Whiteworm Lichen
2607843,Rutskivlav
8503245,Scaly Mottled-Disk Lichen
7252516,NA
2607508,Vifteklettlav
8276197,Tosporet Landkortlav
2609017,Krimmerlav
3429235,NA
2606703,Navelkantlav
3397439,Psorinia
2605905,NA
8655228,Brown Tile Lichen
9692725,NA
2608490,Geelgrijze Poederkorst
2603375,Melkwitte Granietkorst
5260620,Vassglye
11891123,NA
8254349,Kanelorangelav
3391014,Kalkhedslav
7364113,Hornsyl
2603248,Tunturikalliotiera
2607116,Bryonora Lichen
11264284,Duinknoopjeskorst
11045139,Big Spore Cracked Lichen
3548605,Plamica Zmienna
7897425,NA
5260511,Navel Lichen
2601134,Mountain Saffron
2596923,Chocolate Spackle
2607510,Sporastatia Lichen
10908720,Rinodina Lichen
3425518,NA
3426010,Map Lichen
9750290,Parasitskivlav
2603260,Romjulslav
2600241,Kremkorkje
7594645,Fliklav
2607087,Rim Lichen
2603384,Rustskivelav
8683565,Schubjeszwelmos
2607241,Carbonea Lichen
5261206,Bootstrap Lichen
2599886,Poedergeelkorst
2603255,Harmaakalliotiera
6755122,Ryynikiventiera
2610293,Lapintiera
4409635,Skadar Gudgeon
5212973,Aal
5289786,Goatgrass
5607617,NA
1442688,Bleke Najaarsschietmot
1442540,NA
1442666,NA
7330016,NA
3027735,Przywrotnik Siwy
3638256,NA
5050990,Molenwiekvlo
5050663,Cowboylaarsvlo
4131935,Rossschweif-Federgras
