"package","cran","installed","checked"
"rgbif","3.8.5","3.8.5","2026-09-29"
"CoordinateCleaner","3.0.1","3.0.1","2026-09-29"
"sf","1.1-3","1.1-2","2026-09-29"
"terra","1.9-50","1.9-46","2026-09-29"
"geodata","0.6-9","0.6-9","2026-09-29"
"giscoR","1.2.0","1.2.0","2026-09-29"
"eurostat","4.1.1","not installed","2026-09-29"
"rredlist","1.1.1","not installed","2026-09-29"
"ows4R","0.5","not installed","2026-09-29"
"leaflet","2.2.3","2.2.3","2026-09-29"
"curl","8.0.0","7.1.0","2026-09-29"
"pdftools","3.9.1","3.9.0","2026-09-29"
"eunis.habitats","0.1.0","0.1.0","2026-09-29"
"rnaturalearth","1.2.0","1.2.0","2026-09-29"
